date,name,location,photos,videos,href_url,paginated_url,year,month,season,level,page
8/29,Dinuba Invitational,"Dinuba, CA",,,https://ca.milesplit.com/meets/214117-dinuba-invitational-2015/results,https://ca.milesplit.com/results/?year=2015&month=8&season=outdoor&level=hs&page=1,2015,8,outdoor,hs,1
8/29,Oakmont Invitational,"Roseville, CA",,,https://ca.milesplit.com/meets/214032-oakmont-invitational-2015/results,https://ca.milesplit.com/results/?year=2015&month=8&season=outdoor&level=hs&page=1,2015,8,outdoor,hs,1
8/29,Vaquero Stampede,"Lakeside, CA",,,https://ca.milesplit.com/meets/214031-vaquero-stampede-2015/results,https://ca.milesplit.com/results/?year=2015&month=8&season=outdoor&level=hs&page=1,2015,8,outdoor,hs,1
8/28,Lodi Flame Invitational,"Lodi, CA",,,https://ca.milesplit.com/meets/214113-lodi-flame-invitational-2015/results,https://ca.milesplit.com/results/?year=2015&month=8&season=outdoor&level=hs&page=1,2015,8,outdoor,hs,1
8/28,Wolfpack West Hills Invitational,"San Diego, CA",,,https://ca.milesplit.com/meets/214115-wolfpack-west-hills-invitational-2015/results,https://ca.milesplit.com/results/?year=2015&month=8&season=outdoor&level=hs&page=1,2015,8,outdoor,hs,1
8/26,Beat the Heat,"Riverside, CA",,,https://ca.milesplit.com/meets/217627-beat-the-heat-2015/results,https://ca.milesplit.com/results/?year=2015&month=8&season=outdoor&level=hs&page=1,2015,8,outdoor,hs,1
8/22,Hoka One One @ Buena,"Ventura, CA",,,https://ca.milesplit.com/meets/217364-hoka-one-one-buena-2015/results,https://ca.milesplit.com/results/?year=2015&month=8&season=outdoor&level=hs&page=1,2015,8,outdoor,hs,1
8/22,Sunrise Stampede,"Corona, CA",,,https://ca.milesplit.com/meets/217277-sunrise-stampede-2015/results,https://ca.milesplit.com/results/?year=2015&month=8&season=outdoor&level=hs&page=1,2015,8,outdoor,hs,1
8/22,Sunrise Stampede XC,"Eastvale, CA",,,https://ca.milesplit.com/meets/217628-sunrise-stampede-xc-2015/results,https://ca.milesplit.com/results/?year=2015&month=8&season=outdoor&level=hs&page=1,2015,8,outdoor,hs,1
"8/1
8/8",AAU Junior Olympic Games,"Norfolk, VA",,,https://www.milesplit.com/meets/194122-aau-junior-olympic-games-2015/results,https://ca.milesplit.com/results/?year=2015&month=8&season=outdoor&level=hs&page=1,2015,8,outdoor,hs,1
"8/1
8/2",States Games of America,"Lincoln, NE",,,https://ne.milesplit.com/meets/210433-states-games-of-america-2015/results,https://ca.milesplit.com/results/?year=2015&month=8&season=outdoor&level=hs&page=1,2015,8,outdoor,hs,1
9/30,BCL West CC League League Meet,"San Francisco, CA",,,https://ca.milesplit.com/meets/219925-bcl-west-cc-league-league-meet-2015/results,https://ca.milesplit.com/results/?year=2015&month=9&season=outdoor&level=hs&page=1,2015,9,outdoor,hs,1
9/30,EAL/SRL Center Meet,"Chico, CA",,,https://ca.milesplit.com/meets/219868-ealsrl-center-meet-2015/results,https://ca.milesplit.com/results/?year=2015&month=9&season=outdoor&level=hs&page=1,2015,9,outdoor,hs,1
9/30,Foothill League Meet #1,"Santa Clarita, CA",,,https://ca.milesplit.com/meets/221546-foothill-league-meet-1-2015/results,https://ca.milesplit.com/results/?year=2015&month=9&season=outdoor&level=hs&page=1,2015,9,outdoor,hs,1
9/30,HDN League #2 - Eureka,"Riverside, CA",,,https://ca.milesplit.com/meets/219867-hdn-league-2-eureka-2015/results,https://ca.milesplit.com/results/?year=2015&month=9&season=outdoor&level=hs&page=1,2015,9,outdoor,hs,1
9/30,"Interlake, LW @ Mercer Island","Sacramento, CA",,,https://ca.milesplit.com/meets/219803-interlake-lw-mercer-island-2015/results,https://ca.milesplit.com/results/?year=2015&month=9&season=outdoor&level=hs&page=1,2015,9,outdoor,hs,1
9/30,NAL Center Meet,"Yreka, CA",,,https://ca.milesplit.com/meets/219869-nal-center-meet-2015/results,https://ca.milesplit.com/results/?year=2015&month=9&season=outdoor&level=hs&page=1,2015,9,outdoor,hs,1
9/30,Orange Coast League Cluster Meet,"Irvine, CA",,,https://ca.milesplit.com/meets/219987-orange-coast-league-cluster-meet-2015/results,https://ca.milesplit.com/results/?year=2015&month=9&season=outdoor&level=hs&page=1,2015,9,outdoor,hs,1
9/30,Salinas City Championships,"Salinas, CA",,,https://ca.milesplit.com/meets/212826-salinas-city-championships-2015/results,https://ca.milesplit.com/results/?year=2015&month=9&season=outdoor&level=hs&page=1,2015,9,outdoor,hs,1
9/30,South Bay Cup,"Torrance, CA",,,https://ca.milesplit.com/meets/212827-south-bay-cup-2015/results,https://ca.milesplit.com/results/?year=2015&month=9&season=outdoor&level=hs&page=1,2015,9,outdoor,hs,1
9/30,WBAL Meet #1,"Brisbane, CA",,,https://ca.milesplit.com/meets/219903-wbal-meet-1-2015/results,https://ca.milesplit.com/results/?year=2015&month=9&season=outdoor&level=hs&page=1,2015,9,outdoor,hs,1
9/29,Ambassador/South Valley/Majestic/Victory League Meet #1,"Riverside, CA",,,https://ca.milesplit.com/meets/219989-ambassadorsouth-valleymajesticvictory-league-meet-1-2015/results,https://ca.milesplit.com/results/?year=2015&month=9&season=outdoor&level=hs&page=1,2015,9,outdoor,hs,1
9/29,Deer Valley @ Liberty,"Riverside, CA",,,https://ca.milesplit.com/meets/219946-deer-valley-liberty-2015/results,https://ca.milesplit.com/results/?year=2015&month=9&season=outdoor&level=hs&page=1,2015,9,outdoor,hs,1
,https://ca.milesplit.com/results/?year=2015&month=9&season=outdoor&level=hs&page=1,,,,,,,,,,
,https://ca.milesplit.com/results/?year=2015&month=9&season=outdoor&level=hs&page=1,,,,,,,,,,
9/29,Marina/TC at York,"Riverside, CA",,,https://ca.milesplit.com/meets/219691-marinatc-at-york-2015/results,https://ca.milesplit.com/results/?year=2015&month=9&season=outdoor&level=hs&page=1,2015,9,outdoor,hs,1
9/29,Metro League Meet #1,"Riverside, CA",,,https://ca.milesplit.com/meets/219980-metro-league-meet-1-2015/results,https://ca.milesplit.com/results/?year=2015&month=9&season=outdoor&level=hs&page=1,2015,9,outdoor,hs,1
9/29,Palomares League Cluster #2,"Riverside, CA",,,https://ca.milesplit.com/meets/219692-palomares-league-cluster-2-2015/results,https://ca.milesplit.com/results/?year=2015&month=9&season=outdoor&level=hs&page=1,2015,9,outdoor,hs,1
9/29,WAC Patterson @ Los Banos,"Riverside, CA",,,https://ca.milesplit.com/meets/219982-wac-patterson-los-banos-2015/results,https://ca.milesplit.com/results/?year=2015&month=9&season=outdoor&level=hs&page=1,2015,9,outdoor,hs,1
9/26,Bell-Jeff/Loyola Invitational,"Los Angeles, CA",,,https://ca.milesplit.com/meets/212781-42nd-annual-bell-jeffloyola-invitational-2015/results,https://ca.milesplit.com/results/?year=2015&month=9&season=outdoor&level=hs&page=1,2015,9,outdoor,hs,1
9/26,Bakersfield College Invitational,"Riverside, CA",,,https://ca.milesplit.com/meets/219440-bakersfield-college-invitational-2015/results,https://ca.milesplit.com/results/?year=2015&month=9&season=outdoor&level=hs&page=1,2015,9,outdoor,hs,1
9/26,Billy York Invitational,"Riverside, CA",,,https://ca.milesplit.com/meets/215461-billy-york-invitational-2015/results,https://ca.milesplit.com/results/?year=2015&month=9&season=outdoor&level=hs&page=1,2015,9,outdoor,hs,1
9/26,Bob Firman Invitational,"Eagle, ID",,,https://id.milesplit.com/meets/214375-bob-firman-invitational-2015/results,https://ca.milesplit.com/results/?year=2015&month=9&season=outdoor&level=hs&page=1,2015,9,outdoor,hs,1
9/26,Brentwood Invitational,"Los Angeles, CA",,,https://ca.milesplit.com/meets/212782-brentwood-invitational-2015/results,https://ca.milesplit.com/results/?year=2015&month=9&season=outdoor&level=hs&page=1,2015,9,outdoor,hs,1
9/26,Dana Hills Invitational,"Dana Point, CA",,,https://ca.milesplit.com/meets/212783-dana-hills-invitational-2015/results,https://ca.milesplit.com/results/?year=2015&month=9&season=outdoor&level=hs&page=1,2015,9,outdoor,hs,1
9/26,Doug Conley Invitational,"Tucson, AZ",,,https://az.milesplit.com/meets/215470-doug-conley-invitational-2015/results,https://ca.milesplit.com/results/?year=2015&month=9&season=outdoor&level=hs&page=1,2015,9,outdoor,hs,1
9/26,Falcon Invitational,"Henderson, NV",,,https://nv.milesplit.com/meets/214591-falcon-invitational-2015/results,https://ca.milesplit.com/results/?year=2015&month=9&season=outdoor&level=hs&page=1,2015,9,outdoor,hs,1
9/26,Gold Coast Invitational,"Oxnard, CA",,,https://ca.milesplit.com/meets/212776-gold-coast-invitational-2015/results,https://ca.milesplit.com/results/?year=2015&month=9&season=outdoor&level=hs&page=1,2015,9,outdoor,hs,1
9/26,Hemet Bulldog Invitational,"Hemet, CA",,,https://ca.milesplit.com/meets/212784-hemet-bulldog-invitational-2015/results,https://ca.milesplit.com/results/?year=2015&month=9&season=outdoor&level=hs&page=1,2015,9,outdoor,hs,1
9/26,Nike Portland XC Invite,"Portland, OR",,,https://or.milesplit.com/meets/206488-nike-portland-xc-invite-2015/results,https://ca.milesplit.com/results/?year=2015&month=9&season=outdoor&level=hs&page=1,2015,9,outdoor,hs,1
9/26,Northwest Classic,"Eugene, OR",,,https://or.milesplit.com/meets/216543-northwest-classic-2015/results,https://ca.milesplit.com/results/?year=2015&month=9&season=outdoor&level=hs&page=1,2015,9,outdoor,hs,1
9/26,Pacific Tiger Invitational,"Stockton, CA",,,https://ca.milesplit.com/meets/212790-pacific-tiger-invitational-2015/results,https://ca.milesplit.com/results/?year=2015&month=9&season=outdoor&level=hs&page=1,2015,9,outdoor,hs,1
9/26,Rose City Running Classic,"Pasadena, CA",,,https://ca.milesplit.com/meets/212769-rose-city-running-classic-2015/results,https://ca.milesplit.com/results/?year=2015&month=9&season=outdoor&level=hs&page=1,2015,9,outdoor,hs,1
9/26,Stanford Invitational,"Palo Alto, CA",,,https://ca.milesplit.com/meets/212788-stanford-invitational-2015/results,https://ca.milesplit.com/results/?year=2015&month=9&season=outdoor&level=hs&page=1,2015,9,outdoor,hs,1
9/26,Sunny Hills Wayne Walker Invitational,"Fullerton, CA",,,https://ca.milesplit.com/meets/212789-sunny-hills-wayne-walker-invitational-2015/results,https://ca.milesplit.com/results/?year=2015&month=9&season=outdoor&level=hs&page=1,2015,9,outdoor,hs,1
9/26,Top Speed Running Super  Classic,"San Dimas, CA",,,https://ca.milesplit.com/meets/212791-top-speed-running-super-xc-classic-2015/results,https://ca.milesplit.com/results/?year=2015&month=9&season=outdoor&level=hs&page=1,2015,9,outdoor,hs,1
9/25,South Bay Invitational,"Bonita, CA",,,https://ca.milesplit.com/meets/212779-south-bay-invitational-2015/results,https://ca.milesplit.com/results/?year=2015&month=9&season=outdoor&level=hs&page=1,2015,9,outdoor,hs,1
9/24,Bay League Meet #1,"Glendora, CA",,,https://ca.milesplit.com/meets/219404-bay-league-meet-1-2015/results,https://ca.milesplit.com/results/?year=2015&month=9&season=outdoor&level=hs&page=1,2015,9,outdoor,hs,1
9/24,Big 8 Cluster Meet #1,"Riverside, CA",,,https://ca.milesplit.com/meets/219407-big-8-cluster-meet-1-2015/results,https://ca.milesplit.com/results/?year=2015&month=9&season=outdoor&level=hs&page=1,2015,9,outdoor,hs,1
9/24,Greenfield @ Pacific Grove,"Riverside, CA",,,https://ca.milesplit.com/meets/219399-greenfield-pacific-grove-2015/results,https://ca.milesplit.com/results/?year=2015&month=9&season=outdoor&level=hs&page=1,2015,9,outdoor,hs,1
9/24,Ocean League Cluster Meet #1,"Riverside, CA",,,https://ca.milesplit.com/meets/219403-ocean-league-cluster-meet-1-2015/results,https://ca.milesplit.com/results/?year=2015&month=9&season=outdoor&level=hs&page=1,2015,9,outdoor,hs,1
9/24,Pacific League Cluster Meet #1,"Arcadia, CA",,,https://ca.milesplit.com/meets/219402-pacific-league-cluster-meet-1-2015/results,https://ca.milesplit.com/results/?year=2015&month=9&season=outdoor&level=hs&page=1,2015,9,outdoor,hs,1
9/24,Pioneer League Cluster Meet #1,"Torrance, CA",,,https://ca.milesplit.com/meets/219401-pioneer-league-cluster-meet-1-2015/results,https://ca.milesplit.com/results/?year=2015&month=9&season=outdoor&level=hs&page=1,2015,9,outdoor,hs,1
9/24,Soledad/Gonzales @ Carmel,"Riverside, CA",,,https://ca.milesplit.com/meets/219398-soledadgonzales-carmel-2015/results,https://ca.milesplit.com/results/?year=2015&month=9&season=outdoor&level=hs&page=1,2015,9,outdoor,hs,1
9/24,TCAA Cluster,"Thatcher, CA",,,https://ca.milesplit.com/meets/219413-tcaa-cluster-2015/results,https://ca.milesplit.com/results/?year=2015&month=9&season=outdoor&level=hs&page=1,2015,9,outdoor,hs,1
9/23,BVL: Freedom and Heritage at Liberty,"Oakley , CA",,,https://ca.milesplit.com/meets/219231-bvl-freedom-and-heritage-at-liberty-2015/results,https://ca.milesplit.com/results/?year=2015&month=9&season=outdoor&level=hs&page=1,2015,9,outdoor,hs,1
9/23,Citrus Belt League-Cluster #1,"Riverside, CA",,,https://ca.milesplit.com/meets/219313-citrus-belt-league-cluster-1-2015/results,https://ca.milesplit.com/results/?year=2015&month=9&season=outdoor&level=hs&page=1,2015,9,outdoor,hs,1
9/23,Del Rey League Cluster Meet #1,"Riverside, CA",,,https://ca.milesplit.com/meets/219309-del-rey-league-cluster-meet-1-2015/results,https://ca.milesplit.com/results/?year=2015&month=9&season=outdoor&level=hs&page=1,2015,9,outdoor,hs,1
9/23,HDN #1,"Riverside, CA",,,https://ca.milesplit.com/meets/219228-hdn-1-2015/results,https://ca.milesplit.com/results/?year=2015&month=9&season=outdoor&level=hs&page=1,2015,9,outdoor,hs,1
9/23,Inland Valley League - Cluster #1,"Riverside, CA",,,https://ca.milesplit.com/meets/219316-inland-valley-league-cluster-1-2015/results,https://ca.milesplit.com/results/?year=2015&month=9&season=outdoor&level=hs&page=1,2015,9,outdoor,hs,1
9/23,MBL Gabilan Center Meet #1,"Salinas, CA",,,https://ca.milesplit.com/meets/219230-mbl-gabilan-center-meet-1-2015/results,https://ca.milesplit.com/results/?year=2015&month=9&season=outdoor&level=hs&page=1,2015,9,outdoor,hs,1
9/23,MBL Pacific Center Meet #1,"Riverside, CA",,,https://ca.milesplit.com/meets/219233-mbl-pacific-center-meet-1-2015/results,https://ca.milesplit.com/results/?year=2015&month=9&season=outdoor&level=hs&page=1,2015,9,outdoor,hs,1
9/23,Paradise/Oroville/Corning,"Riverside, CA",,,https://ca.milesplit.com/meets/219232-paradiseorovillecorning-2015/results,https://ca.milesplit.com/results/?year=2015&month=9&season=outdoor&level=hs&page=1,2015,9,outdoor,hs,1
9/23,SWYL League Meet 1,"Riverside, CA",,,https://ca.milesplit.com/meets/219307-swyl-league-meet-1-2015/results,https://ca.milesplit.com/results/?year=2015&month=9&season=outdoor&level=hs&page=2,2015,9,outdoor,hs,2
9/23,TCAL Center Meet # 2,"Riverside, CA",,,https://ca.milesplit.com/meets/219234-tcal-center-meet-2-2015/results,https://ca.milesplit.com/results/?year=2015&month=9&season=outdoor&level=hs&page=2,2015,9,outdoor,hs,2
9/22,Eagle Fly-IN,"Riverside, CA",,,https://ca.milesplit.com/meets/219306-eagle-fly-in-2015/results,https://ca.milesplit.com/results/?year=2015&month=9&season=outdoor&level=hs&page=2,2015,9,outdoor,hs,2
9/22,Sunset League Meet #1,"Riverside, CA",,,https://ca.milesplit.com/meets/219311-sunset-league-meet-1-2015/results,https://ca.milesplit.com/results/?year=2015&month=9&season=outdoor&level=hs&page=2,2015,9,outdoor,hs,2
9/19,Viking Opener,"Santa Rosa, CA",,,https://ca.milesplit.com/meets/212755-31st-annual-viking-opener-2015/results,https://ca.milesplit.com/results/?year=2015&month=9&season=outdoor&level=hs&page=2,2015,9,outdoor,hs,2
9/19,Chieftain Invitational,"Salinas, CA",,,https://ca.milesplit.com/meets/212742-chieftain-invitational-2015/results,https://ca.milesplit.com/results/?year=2015&month=9&season=outdoor&level=hs&page=2,2015,9,outdoor,hs,2
9/19,De La Salle/Carondelet Nike  Invitational,"Concord, CA",,,https://ca.milesplit.com/meets/212762-de-la-sallecarondelet-nike-cc-invitational-2015/results,https://ca.milesplit.com/results/?year=2015&month=9&season=outdoor&level=hs&page=2,2015,9,outdoor,hs,2
9/19,Farmer Invitational,"Hayward, CA",,,https://ca.milesplit.com/meets/212764-farmer-invitational-2015/results,https://ca.milesplit.com/results/?year=2015&month=9&season=outdoor&level=hs&page=2,2015,9,outdoor,hs,2
9/19,Four Corners Invitational,"Flagstaff, AZ",,,https://az.milesplit.com/meets/215465-four-corners-invitational-2015/results,https://ca.milesplit.com/results/?year=2015&month=9&season=outdoor&level=hs&page=2,2015,9,outdoor,hs,2
9/19,Grant Nunnally Invitational,"Riverside, CA",,,https://ca.milesplit.com/meets/212744-grant-nunnally-invitational-2015/results,https://ca.milesplit.com/results/?year=2015&month=9&season=outdoor&level=hs&page=2,2015,9,outdoor,hs,2
9/19,Iolani  Invitational at Kualoa Ranch,"Hawaii, HI",,,https://hi.milesplit.com/meets/217294-iolani-cross-country-invitational-at-kualoa-ranch-2015/results,https://ca.milesplit.com/results/?year=2015&month=9&season=outdoor&level=hs&page=2,2015,9,outdoor,hs,2
9/19,Josh Ruff Memorial Invitational,"Folsom, CA",,,https://ca.milesplit.com/meets/212766-josh-ruff-memorial-invitational-2015/results,https://ca.milesplit.com/results/?year=2015&month=9&season=outdoor&level=hs&page=2,2015,9,outdoor,hs,2
,https://ca.milesplit.com/results/?year=2015&month=9&season=outdoor&level=hs&page=2,,,,,,,,,,
,https://ca.milesplit.com/results/?year=2015&month=9&season=outdoor&level=hs&page=2,,,,,,,,,,
9/19,Mt. Carmel/Movin Shoes  Invitational,"San Diego, CA",,,https://ca.milesplit.com/meets/212767-mt-carmelmovin-shoes-xc-invitational-2015/results,https://ca.milesplit.com/results/?year=2015&month=9&season=outdoor&level=hs&page=2,2015,9,outdoor,hs,2
9/19,Ojai/Inside Track Invitational,"Ojai, CA",,,https://ca.milesplit.com/meets/212768-ojaiinside-track-invitational-2015/results,https://ca.milesplit.com/results/?year=2015&month=9&season=outdoor&level=hs&page=2,2015,9,outdoor,hs,2
9/19,Sundodger Invitational,"Seatle, WA",,,https://wa.milesplit.com/meets/214288-sundodger-invitational-2015/results,https://ca.milesplit.com/results/?year=2015&month=9&season=outdoor&level=hs&page=2,2015,9,outdoor,hs,2
9/19,Wolfpack Invitational,"Bakersfield, CA",,,https://ca.milesplit.com/meets/212771-wolfpack-invitational-2015/results,https://ca.milesplit.com/results/?year=2015&month=9&season=outdoor&level=hs&page=2,2015,9,outdoor,hs,2
9/18,Hanford Invitational,"Hanford, CA",,,https://ca.milesplit.com/meets/212757-hanford-invitational-2015/results,https://ca.milesplit.com/results/?year=2015&month=9&season=outdoor&level=hs&page=2,2015,9,outdoor,hs,2
9/18,Mt. Shasta Invitational,"Mt. Shasta, CA",,,https://ca.milesplit.com/meets/212758-mt-shasta-invitational-2015/results,https://ca.milesplit.com/results/?year=2015&month=9&season=outdoor&level=hs&page=2,2015,9,outdoor,hs,2
9/18,Sanger Invitational,"Sanger, CA",,,https://ca.milesplit.com/meets/212759-sanger-invitational-2015/results,https://ca.milesplit.com/results/?year=2015&month=9&season=outdoor&level=hs&page=2,2015,9,outdoor,hs,2
"9/18
9/19",Woodbridge  Classic,"Irvine, CA",,,https://ca.milesplit.com/meets/212760-woodbridge-cross-country-classic-2015/results,https://ca.milesplit.com/results/?year=2015&month=9&season=outdoor&level=hs&page=2,2015,9,outdoor,hs,2
9/17,SCCAL Meet,"Watsonville, CA",,,https://ca.milesplit.com/meets/219555-sccal-meet-2015/results,https://ca.milesplit.com/results/?year=2015&month=9&season=outdoor&level=hs&page=2,2015,9,outdoor,hs,2
9/17,Sierra Foothill League Meet #1,"Folsom, CA",,,https://ca.milesplit.com/meets/218848-sierra-foothill-league-meet-1-2015/results,https://ca.milesplit.com/results/?year=2015&month=9&season=outdoor&level=hs&page=2,2015,9,outdoor,hs,2
9/16,BCL East League Championships,"Riverside, CA",,,https://ca.milesplit.com/meets/218806-bcl-east-league-championships-2015/results,https://ca.milesplit.com/results/?year=2015&month=9&season=outdoor&level=hs&page=2,2015,9,outdoor,hs,2
9/16,BCL West CC League League Meet,"San Francisco, CA",,,https://ca.milesplit.com/meets/218787-bcl-west-cc-league-league-meet-2015/results,https://ca.milesplit.com/results/?year=2015&month=9&season=outdoor&level=hs&page=2,2015,9,outdoor,hs,2
9/16,BCL West CC League League Meet,"San Francisco, CA",,,https://ca.milesplit.com/meets/218789-bcl-west-cc-league-league-meet-2015/results,https://ca.milesplit.com/results/?year=2015&month=9&season=outdoor&level=hs&page=2,2015,9,outdoor,hs,2
9/16,Channel Islands League Meet #1,"Riverside, CA",,,https://ca.milesplit.com/meets/221149-channel-islands-league-meet-1-2015/results,https://ca.milesplit.com/results/?year=2015&month=9&season=outdoor&level=hs&page=2,2015,9,outdoor,hs,2
9/16,PAL CCS League Meet,"Daly City, CA",,,https://ca.milesplit.com/meets/218790-pal-ccs-league-meet-2015/results,https://ca.milesplit.com/results/?year=2015&month=9&season=outdoor&level=hs&page=2,2015,9,outdoor,hs,2
9/15,VOL #1,"Modesto, CA",,,https://ca.milesplit.com/meets/218720-vol-1-2015/results,https://ca.milesplit.com/results/?year=2015&month=9&season=outdoor&level=hs&page=2,2015,9,outdoor,hs,2
9/12,Stevenson CC Invitational,"Pebble Beach, CA",,,https://ca.milesplit.com/meets/212754-48th-annual-stevenson-cc-invitational-2015/results,https://ca.milesplit.com/results/?year=2015&month=9&season=outdoor&level=hs&page=2,2015,9,outdoor,hs,2
9/12,Bronco Roundup,"Escondido, CA",,,https://ca.milesplit.com/meets/212740-bronco-roundup-2015/results,https://ca.milesplit.com/results/?year=2015&month=9&season=outdoor&level=hs&page=2,2015,9,outdoor,hs,2
9/12,Cajon HS Dog Days of Fall Invitational,"San Benardino, CA",,,https://ca.milesplit.com/meets/212741-cajon-hs-dog-days-of-fall-invitational-2015/results,https://ca.milesplit.com/results/?year=2015&month=9&season=outdoor&level=hs&page=2,2015,9,outdoor,hs,2
9/12,Earlybird Invitational,"Salinas, CA",,,https://ca.milesplit.com/meets/212686-earlybird-invitational-2015/results,https://ca.milesplit.com/results/?year=2015&month=9&season=outdoor&level=hs&page=2,2015,9,outdoor,hs,2
9/12,Ed Sias Invitational,"Martinez, CA",,,https://ca.milesplit.com/meets/212743-ed-sias-invitational-2015/results,https://ca.milesplit.com/results/?year=2015&month=9&season=outdoor&level=hs&page=2,2015,9,outdoor,hs,2
9/12,Independence Invitational,"Bakersfield, CA",,,https://ca.milesplit.com/meets/212725-independence-invitational-2015/results,https://ca.milesplit.com/results/?year=2015&month=9&season=outdoor&level=hs&page=2,2015,9,outdoor,hs,2
9/12,Jesuit/Davis Jamboree,"Sacramento, CA",,,https://ca.milesplit.com/meets/212745-jesuitdavis-jamboree-2015/results,https://ca.milesplit.com/results/?year=2015&month=9&season=outdoor&level=hs&page=2,2015,9,outdoor,hs,2
9/12,Laguna Hills Invitational,"Laguna Hills, CA",,,https://ca.milesplit.com/meets/212747-laguna-hills-invitational-2015/results,https://ca.milesplit.com/results/?year=2015&month=9&season=outdoor&level=hs&page=2,2015,9,outdoor,hs,2
9/12,Larry Burgess Invitational,"Boulder City, NV",,,https://nv.milesplit.com/meets/216301-larry-burgess-invitational-2015/results,https://ca.milesplit.com/results/?year=2015&month=9&season=outdoor&level=hs&page=2,2015,9,outdoor,hs,2
9/12,Lowell Invitational,"San Francisco, CA",,,https://ca.milesplit.com/meets/212763-lowell-invitational-2015/results,https://ca.milesplit.com/results/?year=2015&month=9&season=outdoor&level=hs&page=2,2015,9,outdoor,hs,2
9/12,Morro Bay Invitational,"Morro Bay, CA",,,https://ca.milesplit.com/meets/212750-morro-bay-invitational-2015/results,https://ca.milesplit.com/results/?year=2015&month=9&season=outdoor&level=hs&page=2,2015,9,outdoor,hs,2
9/12,Nevada Union/Asics  Invitational,"Grass Valley, CA",,,https://ca.milesplit.com/meets/212751-nevada-unionasics-cc-invitational-2015/results,https://ca.milesplit.com/results/?year=2015&month=9&season=outdoor&level=hs&page=2,2015,9,outdoor,hs,2
9/12,Pat Hadley Memorial Invitational,"Riverside, CA",,,https://ca.milesplit.com/meets/218488-pat-hadley-memorial-invitational-2015/results,https://ca.milesplit.com/results/?year=2015&month=9&season=outdoor&level=hs&page=2,2015,9,outdoor,hs,2
9/12,Sierra Invitational,"Modesto, CA",,,https://ca.milesplit.com/meets/212753-sierra-invitational-2015/results,https://ca.milesplit.com/results/?year=2015&month=9&season=outdoor&level=hs&page=2,2015,9,outdoor,hs,2
9/12,Yreka Elks Invitational,"Yreka, CA",,,https://ca.milesplit.com/meets/212756-yreka-elks-invitational-2015/results,https://ca.milesplit.com/results/?year=2015&month=9&season=outdoor&level=hs&page=2,2015,9,outdoor,hs,2
9/11,Las Plumas Invitational,"Oroville, CA",,,https://ca.milesplit.com/meets/212737-las-plumas-invitational-2015/results,https://ca.milesplit.com/results/?year=2015&month=9&season=outdoor&level=hs&page=2,2015,9,outdoor,hs,2
9/11,North Tahoe Kiwanis Mountain Motivational Invitational,"Tahoe City, NV",,,https://nv.milesplit.com/meets/214588-north-tahoe-kiwanis-mountain-motivational-invitational-2015/results,https://ca.milesplit.com/results/?year=2015&month=9&season=outdoor&level=hs&page=2,2015,9,outdoor,hs,2
9/11,Seaside Invitational,"Ventura, CA",,,https://ca.milesplit.com/meets/212722-seaside-invitational-2015/results,https://ca.milesplit.com/results/?year=2015&month=9&season=outdoor&level=hs&page=2,2015,9,outdoor,hs,2
9/9,EBHS  Invitational,"Riverside, CA",,,https://ca.milesplit.com/meets/218433-ebhs-cross-country-invitational-2015/results,https://ca.milesplit.com/results/?year=2015&month=9&season=outdoor&level=hs&page=2,2015,9,outdoor,hs,2
9/9,MVL Meet @ Hamilton,"Hamilton City, CA",,,https://ca.milesplit.com/meets/218516-mvl-meet-hamilton-2015/results,https://ca.milesplit.com/results/?year=2015&month=9&season=outdoor&level=hs&page=2,2015,9,outdoor,hs,2
9/9,TCAL Center Meet #1,"Oak Park, CA",,,https://ca.milesplit.com/meets/218432-tcal-center-meet-1-2015/results,https://ca.milesplit.com/results/?year=2015&month=9&season=outdoor&level=hs&page=2,2015,9,outdoor,hs,2
9/8,College Prep Invitational,"Pinole, CA",,,https://ca.milesplit.com/meets/218307-college-prep-invitational-2015/results,https://ca.milesplit.com/results/?year=2015&month=9&season=outdoor&level=hs&page=2,2015,9,outdoor,hs,2
9/8,Lynbrook Center Meet,"San Jose, CA",,,https://ca.milesplit.com/meets/212732-lynbrook-center-meet-2015/results,https://ca.milesplit.com/results/?year=2015&month=9&season=outdoor&level=hs&page=3,2015,9,outdoor,hs,3
9/8,Monte Vista Invitational,"Danville, CA",,,https://ca.milesplit.com/meets/212685-monte-vista-invitational-2015/results,https://ca.milesplit.com/results/?year=2015&month=9&season=outdoor&level=hs&page=3,2015,9,outdoor,hs,3
9/5,Colton Swarm Invitational,"Escondido, CA",,,https://ca.milesplit.com/meets/212687-colton-swarm-invitational-2015/results,https://ca.milesplit.com/results/?year=2015&month=9&season=outdoor&level=hs&page=3,2015,9,outdoor,hs,3
9/5,Cool Breeze Evening Invitational,"Chino, CA",,,https://ca.milesplit.com/meets/212688-cool-breeze-evening-invitational-2015/results,https://ca.milesplit.com/results/?year=2015&month=9&season=outdoor&level=hs&page=3,2015,9,outdoor,hs,3
9/5,Fastback Shootout,"Walnut, CA",,,https://ca.milesplit.com/meets/212689-fastback-shootout-2015/results,https://ca.milesplit.com/results/?year=2015&month=9&season=outdoor&level=hs&page=3,2015,9,outdoor,hs,3
9/5,Great Cow Run,"Cerritos, CA",,,https://ca.milesplit.com/meets/212690-great-cow-run-2015/results,https://ca.milesplit.com/results/?year=2015&month=9&season=outdoor&level=hs&page=3,2015,9,outdoor,hs,3
9/5,High Desert Classic Invitational,"Yucca Valley, CA",,,https://ca.milesplit.com/meets/212840-high-desert-classic-invitational-2015/results,https://ca.milesplit.com/results/?year=2015&month=9&season=outdoor&level=hs&page=3,2015,9,outdoor,hs,3
9/5,Lagoon Valley Classic,"Vacaville, CA",,,https://ca.milesplit.com/meets/212727-lagoon-valley-classic-2015/results,https://ca.milesplit.com/results/?year=2015&month=9&season=outdoor&level=hs&page=3,2015,9,outdoor,hs,3
9/5,Riverside Showcase,"Riverside, CA",,,https://ca.milesplit.com/meets/218091-riverside-showcase-2015/results,https://ca.milesplit.com/results/?year=2015&month=9&season=outdoor&level=hs&page=3,2015,9,outdoor,hs,3
9/5,San Benito HS  Invitational,"Hollister, CA",,,https://ca.milesplit.com/meets/218095-san-benito-hs-cross-country-invitational-2015/results,https://ca.milesplit.com/results/?year=2015&month=9&season=outdoor&level=hs&page=3,2015,9,outdoor,hs,3
9/5,Thunder 2-mile,"Riverside, CA",,,https://ca.milesplit.com/meets/218276-thunder-2-mile-2015/results,https://ca.milesplit.com/results/?year=2015&month=9&season=outdoor&level=hs&page=3,2015,9,outdoor,hs,3
9/5,UCSB Gaucho Invitational,"Santa Barbara, CA",,,https://ca.milesplit.com/meets/218050-ucsb-gaucho-invitational-2015/results,https://ca.milesplit.com/results/?year=2015&month=9&season=outdoor&level=hs&page=3,2015,9,outdoor,hs,3
,https://ca.milesplit.com/results/?year=2015&month=9&season=outdoor&level=hs&page=3,,,,,,,,,,
,https://ca.milesplit.com/results/?year=2015&month=9&season=outdoor&level=hs&page=3,,,,,,,,,,
9/4,Bill Springhorn Classic,"Redding, CA",,,https://ca.milesplit.com/meets/212721-bill-springhorn-classic-2015/results,https://ca.milesplit.com/results/?year=2015&month=9&season=outdoor&level=hs&page=3,2015,9,outdoor,hs,3
9/4,Jaguar Invitational,"Tracy, CA",,,https://ca.milesplit.com/meets/214122-jaguar-invitational-2015/results,https://ca.milesplit.com/results/?year=2015&month=9&season=outdoor&level=hs&page=3,2015,9,outdoor,hs,3
9/4,Sierra Pacific Almost a 5k,"Riverside, CA",,,https://ca.milesplit.com/meets/218187-sierra-pacific-almost-a-5k-2015/results,https://ca.milesplit.com/results/?year=2015&month=9&season=outdoor&level=hs&page=3,2015,9,outdoor,hs,3
9/4,Twilight Classic,"Sparks, NV",,,https://nv.milesplit.com/meets/216293-twilight-classic-2015/results,https://ca.milesplit.com/results/?year=2015&month=9&season=outdoor&level=hs&page=3,2015,9,outdoor,hs,3
9/3,Crescenta Valley Mid-Week Invitational,"La Crescenta, CA",,,https://ca.milesplit.com/meets/212704-crescenta-valley-mid-week-invitational-2015/results,https://ca.milesplit.com/results/?year=2015&month=9&season=outdoor&level=hs&page=3,2015,9,outdoor,hs,3
9/3,Firebird Invitational,"Cupertino, CA",,,https://ca.milesplit.com/meets/218096-firebird-invitational-2015/results,https://ca.milesplit.com/results/?year=2015&month=9&season=outdoor&level=hs&page=3,2015,9,outdoor,hs,3
9/3,Oak Park Invitational,"Oak Park, CA",,,https://ca.milesplit.com/meets/214118-oak-park-invitational-2015/results,https://ca.milesplit.com/results/?year=2015&month=9&season=outdoor&level=hs&page=3,2015,9,outdoor,hs,3
9/3,Palos Verdes Mini-Meet,"Palos Verdes Estates, CA",,,https://ca.milesplit.com/meets/217940-palos-verdes-mini-meet-2015/results,https://ca.milesplit.com/results/?year=2015&month=9&season=outdoor&level=hs&page=3,2015,9,outdoor,hs,3
9/3,Rock Small Schools Invitiational,"San Diego, CA",,,https://ca.milesplit.com/meets/214120-rock-small-schools-invitiational-2015/results,https://ca.milesplit.com/results/?year=2015&month=9&season=outdoor&level=hs&page=3,2015,9,outdoor,hs,3
9/3,Wasco Invitational,"Wasco, CA",,,https://ca.milesplit.com/meets/212719-wasco-invitational-2015/results,https://ca.milesplit.com/results/?year=2015&month=9&season=outdoor&level=hs&page=3,2015,9,outdoor,hs,3
9/2,Del Oro Opening Night Meet,"Loomis, CA",,,https://ca.milesplit.com/meets/214119-del-oro-opening-night-meet-2015/results,https://ca.milesplit.com/results/?year=2015&month=9&season=outdoor&level=hs&page=3,2015,9,outdoor,hs,3
9/2,Las Plumas All Comers,"Riverside, CA",,,https://ca.milesplit.com/meets/218126-las-plumas-all-comers-2015/results,https://ca.milesplit.com/results/?year=2015&month=9&season=outdoor&level=hs&page=3,2015,9,outdoor,hs,3
10/31,Citrus Belt League Finals,"Yucaipa, CA",,,https://ca.milesplit.com/meets/222755-citrus-belt-league-finals-2015/results,https://ca.milesplit.com/results/?year=2015&month=10&season=outdoor&level=hs&page=1,2015,10,outdoor,hs,1
10/31,Delta League Championship,"Sacramento, CA",,,https://ca.milesplit.com/meets/222753-delta-league-championship-2015/results,https://ca.milesplit.com/results/?year=2015&month=10&season=outdoor&level=hs&page=1,2015,10,outdoor,hs,1
10/31,John Seaman Invitational,"Kingsburg, CA",,,https://ca.milesplit.com/meets/222759-john-seaman-invitational-2015/results,https://ca.milesplit.com/results/?year=2015&month=10&season=outdoor&level=hs&page=1,2015,10,outdoor,hs,1
10/31,MBL Championships,"Salinas, CA",,,https://ca.milesplit.com/meets/222752-mbl-championships-2015/results,https://ca.milesplit.com/results/?year=2015&month=10&season=outdoor&level=hs&page=1,2015,10,outdoor,hs,1
10/31,Palo Alto City meet,"Riverside, CA",,,https://ca.milesplit.com/meets/222628-palo-alto-city-meet-2015/results,https://ca.milesplit.com/results/?year=2015&month=10&season=outdoor&level=hs&page=1,2015,10,outdoor,hs,1
10/31,Prep League Meet,"Riverside, CA",,,https://ca.milesplit.com/meets/222937-prep-league-meet-2015/results,https://ca.milesplit.com/results/?year=2015&month=10&season=outdoor&level=hs&page=1,2015,10,outdoor,hs,1
10/31,Sunset League Finals,"Huntington Beach, CA",,,https://ca.milesplit.com/meets/222754-sunset-league-finals-2015/results,https://ca.milesplit.com/results/?year=2015&month=10&season=outdoor&level=hs&page=1,2015,10,outdoor,hs,1
10/30,Academy League Finals,"Riverside, CA",,,https://ca.milesplit.com/meets/222757-academy-league-finals-2015/results,https://ca.milesplit.com/results/?year=2015&month=10&season=outdoor&level=hs&page=1,2015,10,outdoor,hs,1
10/30,Apache Invitational,"Arcadia, CA",,,https://ca.milesplit.com/meets/212875-apache-invitational-2015/results,https://ca.milesplit.com/results/?year=2015&month=10&season=outdoor&level=hs&page=1,2015,10,outdoor,hs,1
10/30,Ventura County Championships,"Ojai, CA",,,https://ca.milesplit.com/meets/222756-ventura-county-championships-2015/results,https://ca.milesplit.com/results/?year=2015&month=10&season=outdoor&level=hs&page=1,2015,10,outdoor,hs,1
10/29,Central City Cluster,"Riverside, CA",,,https://ca.milesplit.com/meets/222614-3rd-central-city-cluster-2015/results,https://ca.milesplit.com/results/?year=2015&month=10&season=outdoor&level=hs&page=1,2015,10,outdoor,hs,1
10/29,Ambassador League Finals,"Riverside, CA",,,https://ca.milesplit.com/meets/222919-ambassador-league-finals-2015/results,https://ca.milesplit.com/results/?year=2015&month=10&season=outdoor&level=hs&page=1,2015,10,outdoor,hs,1
,https://ca.milesplit.com/results/?year=2015&month=10&season=outdoor&level=hs&page=1,,,,,,,,,,
,https://ca.milesplit.com/results/?year=2015&month=10&season=outdoor&level=hs&page=1,,,,,,,,,,
10/29,Avocado Cluster #2,"Escondido, CA",,,https://ca.milesplit.com/meets/222598-avocado-cluster-2-2015/results,https://ca.milesplit.com/results/?year=2015&month=10&season=outdoor&level=hs&page=1,2015,10,outdoor,hs,1
10/29,"Balboa/ICA, Washington, Burton","San Francisco, CA",,,https://ca.milesplit.com/meets/222589-balboaica-washington-burton-2015/results,https://ca.milesplit.com/results/?year=2015&month=10&season=outdoor&level=hs&page=1,2015,10,outdoor,hs,1
10/29,Cal Championships,"Folsom, CA",,,https://ca.milesplit.com/meets/222597-cal-championships-2015/results,https://ca.milesplit.com/results/?year=2015&month=10&season=outdoor&level=hs&page=1,2015,10,outdoor,hs,1
10/29,Coastal League Cluster #2,"Riverside, CA",,,https://ca.milesplit.com/meets/222600-coastal-league-cluster-2-2015/results,https://ca.milesplit.com/results/?year=2015&month=10&season=outdoor&level=hs&page=1,2015,10,outdoor,hs,1
10/29,Lynbrook Invitational/FUHSD Championship,"San Jose, CA",,,https://ca.milesplit.com/meets/212874-lynbrook-invitationalfuhsd-championship-2015/results,https://ca.milesplit.com/results/?year=2015&month=10&season=outdoor&level=hs&page=1,2015,10,outdoor,hs,1
10/29,PAL CCS League Meet,"Daly City, CA",,,https://ca.milesplit.com/meets/222627-pal-ccs-league-meet-2015/results,https://ca.milesplit.com/results/?year=2015&month=10&season=outdoor&level=hs&page=1,2015,10,outdoor,hs,1
10/29,Palomares League Finals,"Riverside, CA",,,https://ca.milesplit.com/meets/222616-palomares-league-finals-2015/results,https://ca.milesplit.com/results/?year=2015&month=10&season=outdoor&level=hs&page=1,2015,10,outdoor,hs,1
10/29,Valley League Cluster 2,"Oceanside, CA",,,https://ca.milesplit.com/meets/222599-valley-league-cluster-2-2015/results,https://ca.milesplit.com/results/?year=2015&month=10&season=outdoor&level=hs&page=1,2015,10,outdoor,hs,1
10/29,WACC #3,"Riverside, CA",,,https://ca.milesplit.com/meets/222585-wacc-3-2015/results,https://ca.milesplit.com/results/?year=2015&month=10&season=outdoor&level=hs&page=1,2015,10,outdoor,hs,1
10/28,CCC Center Meet #3,"Atwater, CA",,,https://ca.milesplit.com/meets/222594-ccc-center-meet-3-2015/results,https://ca.milesplit.com/results/?year=2015&month=10&season=outdoor&level=hs&page=1,2015,10,outdoor,hs,1
10/28,CVCL League Finals,"Forest Hill, CA",,,https://ca.milesplit.com/meets/222593-cvcl-league-finals-2015/results,https://ca.milesplit.com/results/?year=2015&month=10&season=outdoor&level=hs&page=1,2015,10,outdoor,hs,1
10/28,DFAL #2,"Riverside, CA",,,https://ca.milesplit.com/meets/222583-dfal-2-2015/results,https://ca.milesplit.com/results/?year=2015&month=10&season=outdoor&level=hs&page=1,2015,10,outdoor,hs,1
10/28,Empire League Finals,"Fullerton, CA",,,https://ca.milesplit.com/meets/219171-empire-league-finals-2015/results,https://ca.milesplit.com/results/?year=2015&month=10&season=outdoor&level=hs&page=1,2015,10,outdoor,hs,1
10/28,HDN league Meet #6,"Riverside, CA",,,https://ca.milesplit.com/meets/222584-hdn-league-meet-6-2015/results,https://ca.milesplit.com/results/?year=2015&month=10&season=outdoor&level=hs&page=1,2015,10,outdoor,hs,1
10/28,Majestic League Finals,"Riverside, CA",,,https://ca.milesplit.com/meets/222941-majestic-league-finals-2015/results,https://ca.milesplit.com/results/?year=2015&month=10&season=outdoor&level=hs&page=1,2015,10,outdoor,hs,1
10/28,Metro League Championships,"Sacramento, CA",,,https://ca.milesplit.com/meets/222592-metro-league-championships-2015/results,https://ca.milesplit.com/results/?year=2015&month=10&season=outdoor&level=hs&page=1,2015,10,outdoor,hs,1
10/28,NAL Center Meet,"Riverside, CA",,,https://ca.milesplit.com/meets/222588-nal-center-meet-2015/results,https://ca.milesplit.com/results/?year=2015&month=10&season=outdoor&level=hs&page=1,2015,10,outdoor,hs,1
10/28,Pacific League Cluster #2,"Riverside, CA",,,https://ca.milesplit.com/meets/222615-pacific-league-cluster-2-2015/results,https://ca.milesplit.com/results/?year=2015&month=10&season=outdoor&level=hs&page=1,2015,10,outdoor,hs,1
10/28,PVL #3,"Riverside, CA",,,https://ca.milesplit.com/meets/222595-pvl-3-2015/results,https://ca.milesplit.com/results/?year=2015&month=10&season=outdoor&level=hs&page=1,2015,10,outdoor,hs,1
10/28,San Joaquin League Finals,"Lodi, CA",,,https://ca.milesplit.com/meets/222940-san-joaquin-league-finals-2015/results,https://ca.milesplit.com/results/?year=2015&month=10&season=outdoor&level=hs&page=1,2015,10,outdoor,hs,1
10/28,South Valley League Finals,"Riverside, CA",,,https://ca.milesplit.com/meets/222939-south-valley-league-finals-2015/results,https://ca.milesplit.com/results/?year=2015&month=10&season=outdoor&level=hs&page=1,2015,10,outdoor,hs,1
10/28,Trinity Invitational,"Weaverville, CA",,,https://ca.milesplit.com/meets/222586-trinity-invitational-2015/results,https://ca.milesplit.com/results/?year=2015&month=10&season=outdoor&level=hs&page=1,2015,10,outdoor,hs,1
10/28,Victory League Finals,"Riverside, CA",,,https://ca.milesplit.com/meets/222938-victory-league-finals-2015/results,https://ca.milesplit.com/results/?year=2015&month=10&season=outdoor&level=hs&page=1,2015,10,outdoor,hs,1
10/27,Anzar/Oakwood at York,"Riverside, CA",,,https://ca.milesplit.com/meets/222591-anzaroakwood-at-york-2015/results,https://ca.milesplit.com/results/?year=2015&month=10&season=outdoor&level=hs&page=1,2015,10,outdoor,hs,1
10/27,BCL West  League League Meet #3,"San Francisco, CA",,,https://ca.milesplit.com/meets/222629-bcl-west-cc-league-league-meet-3-2015/results,https://ca.milesplit.com/results/?year=2015&month=10&season=outdoor&level=hs&page=1,2015,10,outdoor,hs,1
10/27,Cross Valley League,"Sacramento, CA",,,https://ca.milesplit.com/meets/222917-cross-valley-league-2015/results,https://ca.milesplit.com/results/?year=2015&month=10&season=outdoor&level=hs&page=1,2015,10,outdoor,hs,1
10/27,Omega Finals,"Riverside, CA",,,https://ca.milesplit.com/meets/222918-omega-finals-2015/results,https://ca.milesplit.com/results/?year=2015&month=10&season=outdoor&level=hs&page=1,2015,10,outdoor,hs,1
10/24,Oakland Athletic Meet,"Riverside, CA",,,https://ca.milesplit.com/meets/222431-oakland-athletic-meet-2015/results,https://ca.milesplit.com/results/?year=2015&month=10&season=outdoor&level=hs&page=1,2015,10,outdoor,hs,1
10/24,Yoshaany Rahm Invitational,"Ukiah, CA",,,https://ca.milesplit.com/meets/212858-yoshaany-rahm-invitational-2015/results,https://ca.milesplit.com/results/?year=2015&month=10&season=outdoor&level=hs&page=1,2015,10,outdoor,hs,1
10/23,Jaguar Kit Carson Invitational,"Escondido, CA",,,https://ca.milesplit.com/meets/222159-jaguar-kit-carson-invitational-2015/results,https://ca.milesplit.com/results/?year=2015&month=10&season=outdoor&level=hs&page=1,2015,10,outdoor,hs,1
"10/23
10/24",Mt SAC Invitational,"Walnut, CA",,,https://www.milesplit.com/meets/212872-mt-sac-invitational-2015/results,https://ca.milesplit.com/results/?year=2015&month=10&season=outdoor&level=hs&page=1,2015,10,outdoor,hs,1
10/23,Riverside Invitational,"Riverside, CA",,,https://ca.milesplit.com/meets/222138-riverside-invitational-2015/results,https://ca.milesplit.com/results/?year=2015&month=10&season=outdoor&level=hs&page=1,2015,10,outdoor,hs,1
10/22,Bravo vs Maywood,"Los Angeles, CA",,,https://ca.milesplit.com/meets/222141-bravo-vs-maywood-2015/results,https://ca.milesplit.com/results/?year=2015&month=10&season=outdoor&level=hs&page=1,2015,10,outdoor,hs,1
10/22,Contreras vs. Roybal,"Riverside, CA",,,https://ca.milesplit.com/meets/222139-contreras-vs-roybal-2015/results,https://ca.milesplit.com/results/?year=2015&month=10&season=outdoor&level=hs&page=1,2015,10,outdoor,hs,1
10/22,MTAL Center Meet,"Salinas, CA",,,https://ca.milesplit.com/meets/222152-mtal-center-meet-2015/results,https://ca.milesplit.com/results/?year=2015&month=10&season=outdoor&level=hs&page=1,2015,10,outdoor,hs,1
10/22,Reedley Cam Ostrand Invitational,"Reedley, CA",,,https://ca.milesplit.com/meets/222142-reedley-cam-ostrand-invitational-2015/results,https://ca.milesplit.com/results/?year=2015&month=10&season=outdoor&level=hs&page=1,2015,10,outdoor,hs,1
10/21,Almont League Meet #2,"South El Monte, CA",,,https://ca.milesplit.com/meets/222148-almont-league-meet-2-2015/results,https://ca.milesplit.com/results/?year=2015&month=10&season=outdoor&level=hs&page=1,2015,10,outdoor,hs,1
10/21,Aragon's Center Meet #2,"Belmont, CA",,,https://ca.milesplit.com/meets/212870-aragons-center-meet-2-2015/results,https://ca.milesplit.com/results/?year=2015&month=10&season=outdoor&level=hs&page=1,2015,10,outdoor,hs,1
10/21,Double Dual Meet,"Riverside, CA",,,https://ca.milesplit.com/meets/221959-double-dual-meet-2015/results,https://ca.milesplit.com/results/?year=2015&month=10&season=outdoor&level=hs&page=2,2015,10,outdoor,hs,2
10/21,EAL/SRL Center Meet,"Palo Cedro, CA",,,https://ca.milesplit.com/meets/221960-ealsrl-center-meet-2015/results,https://ca.milesplit.com/results/?year=2015&month=10&season=outdoor&level=hs&page=2,2015,10,outdoor,hs,2
10/21,ESL Mini League,"Woodlake , CA",,,https://ca.milesplit.com/meets/222147-esl-mini-league-2015/results,https://ca.milesplit.com/results/?year=2015&month=10&season=outdoor&level=hs&page=2,2015,10,outdoor,hs,2
10/21,Foothill vs. South,"Bakersfield, CA",,,https://ca.milesplit.com/meets/222146-foothill-vs-south-2015/results,https://ca.milesplit.com/results/?year=2015&month=10&season=outdoor&level=hs&page=2,2015,10,outdoor,hs,2
10/21,HDN Meet #5,"Riverside, CA",,,https://ca.milesplit.com/meets/221958-hdn-meet-5-2015/results,https://ca.milesplit.com/results/?year=2015&month=10&season=outdoor&level=hs&page=2,2015,10,outdoor,hs,2
10/21,Highland vs Miramonte,"Bakersfield, CA",,,https://ca.milesplit.com/meets/222145-highland-vs-miramonte-2015/results,https://ca.milesplit.com/results/?year=2015&month=10&season=outdoor&level=hs&page=2,2015,10,outdoor,hs,2
10/21,MBL - Pacific Center Meet #3,"Gilroy, CA",,,https://ca.milesplit.com/meets/221927-mbl-pacific-center-meet-3-2015/results,https://ca.milesplit.com/results/?year=2015&month=10&season=outdoor&level=hs&page=2,2015,10,outdoor,hs,2
10/21,MBL Gabilan-Center Meet #3,"Salinas, CA",,,https://ca.milesplit.com/meets/221962-mbl-gabilan-center-meet-3-2015/results,https://ca.milesplit.com/results/?year=2015&month=10&season=outdoor&level=hs&page=2,2015,10,outdoor,hs,2
10/21,Mother Lode League Meet #4,"Riverside, CA",,,https://ca.milesplit.com/meets/221963-mother-lode-league-meet-4-2015/results,https://ca.milesplit.com/results/?year=2015&month=10&season=outdoor&level=hs&page=2,2015,10,outdoor,hs,2
10/21,Mountain House High School Invitational,"Tracy, CA",,,https://ca.milesplit.com/meets/222151-mountain-house-high-school-invitational-2015/results,https://ca.milesplit.com/results/?year=2015&month=10&season=outdoor&level=hs&page=2,2015,10,outdoor,hs,2
10/21,MVL Meet @ Hamilton,"Hamilton City, CA",,,https://ca.milesplit.com/meets/222156-mvl-meet-hamilton-2015/results,https://ca.milesplit.com/results/?year=2015&month=10&season=outdoor&level=hs&page=2,2015,10,outdoor,hs,2
10/21,Oroville Center Meet,"Oroville, CA",,,https://ca.milesplit.com/meets/222155-oroville-center-meet-2015/results,https://ca.milesplit.com/results/?year=2015&month=10&season=outdoor&level=hs&page=2,2015,10,outdoor,hs,2
,https://ca.milesplit.com/results/?year=2015&month=10&season=outdoor&level=hs&page=2,,,,,,,,,,
,https://ca.milesplit.com/results/?year=2015&month=10&season=outdoor&level=hs&page=2,,,,,,,,,,
10/21,SCVAL Cluster Meet #3,"Sunnyvale, CA",,,https://ca.milesplit.com/meets/221970-scval-cluster-meet-3-2015/results,https://ca.milesplit.com/results/?year=2015&month=10&season=outdoor&level=hs&page=2,2015,10,outdoor,hs,2
10/21,SDL Championships,"Sacramento, CA",,,https://ca.milesplit.com/meets/222150-sdl-championships-2015/results,https://ca.milesplit.com/results/?year=2015&month=10&season=outdoor&level=hs&page=2,2015,10,outdoor,hs,2
10/21,Sunkist League Cluster,"Riverside, CA",,,https://ca.milesplit.com/meets/222137-sunkist-league-cluster-2015/results,https://ca.milesplit.com/results/?year=2015&month=10&season=outdoor&level=hs&page=2,2015,10,outdoor,hs,2
10/21,SWYL League Meet 3,"Bakersfield, CA",,,https://ca.milesplit.com/meets/222144-swyl-league-meet-3-2015/results,https://ca.milesplit.com/results/?year=2015&month=10&season=outdoor&level=hs&page=2,2015,10,outdoor,hs,2
10/21,TCAL League Meet,"Lodi, CA",,,https://ca.milesplit.com/meets/221964-tcal-league-meet-2015/results,https://ca.milesplit.com/results/?year=2015&month=10&season=outdoor&level=hs&page=2,2015,10,outdoor,hs,2
10/21,Weed Invitational,"Weed, CA",,,https://ca.milesplit.com/meets/222154-weed-invitational-2015/results,https://ca.milesplit.com/results/?year=2015&month=10&season=outdoor&level=hs&page=2,2015,10,outdoor,hs,2
10/21,WYL Cluster Meet #2,"Visalia, CA",,,https://ca.milesplit.com/meets/222143-wyl-cluster-meet-2-2015/results,https://ca.milesplit.com/results/?year=2015&month=10&season=outdoor&level=hs&page=2,2015,10,outdoor,hs,2
10/20,Central @ Southwest (IV),"Riverside, CA",,,https://ca.milesplit.com/meets/222136-central-southwest-iv-2015/results,https://ca.milesplit.com/results/?year=2015&month=10&season=outdoor&level=hs&page=2,2015,10,outdoor,hs,2
10/19,BCL West  League League Meet #2,"San Francisco, CA",,,https://ca.milesplit.com/meets/221773-bcl-west-cc-league-league-meet-2-2015/results,https://ca.milesplit.com/results/?year=2015&month=10&season=outdoor&level=hs&page=2,2015,10,outdoor,hs,2
10/17,Mariner Invite,"Riverside, CA",,,https://ca.milesplit.com/meets/221444-32nd-mariner-invite-2015/results,https://ca.milesplit.com/results/?year=2015&month=10&season=outdoor&level=hs&page=2,2015,10,outdoor,hs,2
10/17,Bell Gardens Invitational,"Cerritos, CA",,,https://ca.milesplit.com/meets/212865-bell-gardens-invitational-2015/results,https://ca.milesplit.com/results/?year=2015&month=10&season=outdoor&level=hs&page=2,2015,10,outdoor,hs,2
10/17,Bella Vista Bronco  Invitational,"Folsom, CA",,,https://ca.milesplit.com/meets/212866-bella-vista-bronco-cc-invitational-2015/results,https://ca.milesplit.com/results/?year=2015&month=10&season=outdoor&level=hs&page=2,2015,10,outdoor,hs,2
10/17,Cal Poly High School Invitational,"San Luis Obisbo, CA",,,https://ca.milesplit.com/meets/212867-cal-poly-high-school-invitational-2015/results,https://ca.milesplit.com/results/?year=2015&month=10&season=outdoor&level=hs&page=2,2015,10,outdoor,hs,2
10/17,Hughson SuperCross Invitational,"Hughson, CA",,,https://ca.milesplit.com/meets/212868-hughson-supercross-invitational-2015/results,https://ca.milesplit.com/results/?year=2015&month=10&season=outdoor&level=hs&page=2,2015,10,outdoor,hs,2
10/17,Inland Empire Challenge,"San Bernardino, CA",,,https://ca.milesplit.com/meets/212855-inland-empire-challenge-2015/results,https://ca.milesplit.com/results/?year=2015&month=10&season=outdoor&level=hs&page=2,2015,10,outdoor,hs,2
10/17,Merced County Championships,"Atwater, CA",,,https://ca.milesplit.com/meets/221409-merced-county-championships-2015/results,https://ca.milesplit.com/results/?year=2015&month=10&season=outdoor&level=hs&page=2,2015,10,outdoor,hs,2
10/17,Warriors Region Meet,"Riverside, CA",,,https://ca.milesplit.com/meets/221445-warriors-region-meet-2015/results,https://ca.milesplit.com/results/?year=2015&month=10&season=outdoor&level=hs&page=2,2015,10,outdoor,hs,2
10/16,Chico Autumn Invitational,"Chico, CA",,,https://ca.milesplit.com/meets/221370-chico-autumn-invitational-2015/results,https://ca.milesplit.com/results/?year=2015&month=10&season=outdoor&level=hs&page=2,2015,10,outdoor,hs,2
10/16,Dos Pueblos Invitational,"Santa Barbara, CA",,,https://ca.milesplit.com/meets/212861-dos-pueblos-invitational-2015/results,https://ca.milesplit.com/results/?year=2015&month=10&season=outdoor&level=hs&page=2,2015,10,outdoor,hs,2
10/16,Golden Bear Invitational,"Hanford, CA",,,https://ca.milesplit.com/meets/221442-golden-bear-invitational-2015/results,https://ca.milesplit.com/results/?year=2015&month=10&season=outdoor&level=hs&page=2,2015,10,outdoor,hs,2
10/16,Hanford - Golden West Dual,"Hanford, CA",,,https://ca.milesplit.com/meets/221412-hanford-golden-west-dual-2015/results,https://ca.milesplit.com/results/?year=2015&month=10&season=outdoor&level=hs&page=2,2015,10,outdoor,hs,2
10/16,Helix vs Santana,"San Diego, CA",,,https://ca.milesplit.com/meets/221396-helix-vs-santana-2015/results,https://ca.milesplit.com/results/?year=2015&month=10&season=outdoor&level=hs&page=2,2015,10,outdoor,hs,2
"10/16
10/17",Monterey Bay Invitational,"Salinas, CA",,,https://ca.milesplit.com/meets/212863-monterey-bay-invitational-2015/results,https://ca.milesplit.com/results/?year=2015&month=10&season=outdoor&level=hs&page=2,2015,10,outdoor,hs,2
"10/16
10/17",Orange County Championships,"Irvine, CA",,,https://ca.milesplit.com/meets/212864-orange-county-championships-2015/results,https://ca.milesplit.com/results/?year=2015&month=10&season=outdoor&level=hs&page=2,2015,10,outdoor,hs,2
10/16,Rough Rider Invitational,"Fresno, CA",,,https://ca.milesplit.com/meets/212862-rough-rider-invitational-2015/results,https://ca.milesplit.com/results/?year=2015&month=10&season=outdoor&level=hs&page=2,2015,10,outdoor,hs,2
10/15,Bay League Meet #2,"Riverside, CA",,,https://ca.milesplit.com/meets/221375-bay-league-meet-2-2015/results,https://ca.milesplit.com/results/?year=2015&month=10&season=outdoor&level=hs&page=2,2015,10,outdoor,hs,2
10/15,Big 8 League Cluster,"Riverside, CA",,,https://ca.milesplit.com/meets/221248-big-8-league-cluster-2015/results,https://ca.milesplit.com/results/?year=2015&month=10&season=outdoor&level=hs&page=2,2015,10,outdoor,hs,2
10/15,Brawley @ Central,"El Centro, CA",,,https://ca.milesplit.com/meets/221398-brawley-central-2015/results,https://ca.milesplit.com/results/?year=2015&month=10&season=outdoor&level=hs&page=2,2015,10,outdoor,hs,2
10/15,Central-City League Cluster #2,"San Diego, CA",,,https://ca.milesplit.com/meets/221399-central-city-league-cluster-2-2015/results,https://ca.milesplit.com/results/?year=2015&month=10&season=outdoor&level=hs&page=2,2015,10,outdoor,hs,2
10/15,Coastal Canyon Cluster #2,"Cottonwood, CA",,,https://ca.milesplit.com/meets/221252-coastal-canyon-cluster-2-2015/results,https://ca.milesplit.com/results/?year=2015&month=10&season=outdoor&level=hs&page=2,2015,10,outdoor,hs,2
10/15,Coastal League Cluster #1,"La Jolla, CA",,,https://ca.milesplit.com/meets/221397-coastal-league-cluster-1-2015/results,https://ca.milesplit.com/results/?year=2015&month=10&season=outdoor&level=hs&page=2,2015,10,outdoor,hs,2
10/15,Foothill League Meet #2,"Santa Clarita, CA",,,https://ca.milesplit.com/meets/221544-foothill-league-meet-2-2015/results,https://ca.milesplit.com/results/?year=2015&month=10&season=outdoor&level=hs&page=2,2015,10,outdoor,hs,2
10/15,Marmonte XC Meet #2,"Newbury ParK, CA",,,https://ca.milesplit.com/meets/221263-marmonte-xc-meet-2-2015/results,https://ca.milesplit.com/results/?year=2015&month=10&season=outdoor&level=hs&page=2,2015,10,outdoor,hs,2
10/15,Mountain Pass League Cluster #2,"San Jacinto, CA",,,https://ca.milesplit.com/meets/221250-mountain-pass-league-cluster-2-2015/results,https://ca.milesplit.com/results/?year=2015&month=10&season=outdoor&level=hs&page=2,2015,10,outdoor,hs,2
10/15,Mt. Baldy League Cluster #2,"Riverside, CA",,,https://ca.milesplit.com/meets/221249-mt-baldy-league-cluster-2-2015/results,https://ca.milesplit.com/results/?year=2015&month=10&season=outdoor&level=hs&page=2,2015,10,outdoor,hs,2
10/15,Ocean League Meet #2,"Beverly Hills, CA",,,https://ca.milesplit.com/meets/221382-ocean-league-meet-2-2015/results,https://ca.milesplit.com/results/?year=2015&month=10&season=outdoor&level=hs&page=2,2015,10,outdoor,hs,2
10/15,Santa Cruz @ St. Francis,"Riverside, CA",,,https://ca.milesplit.com/meets/221256-santa-cruz-st-francis-2015/results,https://ca.milesplit.com/results/?year=2015&month=10&season=outdoor&level=hs&page=2,2015,10,outdoor,hs,2
10/15,SCCAL #2,"Watsonville, CA",,,https://ca.milesplit.com/meets/221461-sccal-2-2015/results,https://ca.milesplit.com/results/?year=2015&month=10&season=outdoor&level=hs&page=2,2015,10,outdoor,hs,2
10/15,WBAL #2,"Riverside, CA",,,https://ca.milesplit.com/meets/221247-wbal-2-2015/results,https://ca.milesplit.com/results/?year=2015&month=10&season=outdoor&level=hs&page=3,2015,10,outdoor,hs,3
10/15,WCAL League Meet #2,"San Francisco, CA",,,https://ca.milesplit.com/meets/221199-wcal-league-meet-2-2015/results,https://ca.milesplit.com/results/?year=2015&month=10&season=outdoor&level=hs&page=3,2015,10,outdoor,hs,3
10/14,Aragon's Center Meet #1,"Belmont, CA",,,https://ca.milesplit.com/meets/212859-aragons-center-meet-1-2015/results,https://ca.milesplit.com/results/?year=2015&month=10&season=outdoor&level=hs&page=3,2015,10,outdoor,hs,3
10/14,Camino Del Rey Association,"Riverside, CA",,,https://ca.milesplit.com/meets/221158-camino-del-rey-association-2015/results,https://ca.milesplit.com/results/?year=2015&month=10&season=outdoor&level=hs&page=3,2015,10,outdoor,hs,3
10/14,Citrus Belt League-Cluster #2,"Riverside, CA",,,https://ca.milesplit.com/meets/221156-citrus-belt-league-cluster-2-2015/results,https://ca.milesplit.com/results/?year=2015&month=10&season=outdoor&level=hs&page=3,2015,10,outdoor,hs,3
10/14,Del Rio League Cluster Meet #2,"La Mirada, CA",,,https://ca.milesplit.com/meets/221380-del-rio-league-cluster-meet-2-2015/results,https://ca.milesplit.com/results/?year=2015&month=10&season=outdoor&level=hs&page=3,2015,10,outdoor,hs,3
10/14,EBAL Center Meet,"Concord, CA",,,https://ca.milesplit.com/meets/221525-ebal-center-meet-2015/results,https://ca.milesplit.com/results/?year=2015&month=10&season=outdoor&level=hs&page=3,2015,10,outdoor,hs,3
10/14,Foothill Showcase,"Riverside, CA",,,https://ca.milesplit.com/meets/221257-foothill-showcase-2015/results,https://ca.milesplit.com/results/?year=2015&month=10&season=outdoor&level=hs&page=3,2015,10,outdoor,hs,3
10/14,HDN League #4 - NPA,"Riverside, CA",,,https://ca.milesplit.com/meets/221064-hdn-league-4-npa-2015/results,https://ca.milesplit.com/results/?year=2015&month=10&season=outdoor&level=hs&page=3,2015,10,outdoor,hs,3
10/14,Inland Valley League - Cluster #2,"Riverside, CA",,,https://ca.milesplit.com/meets/221155-inland-valley-league-cluster-2-2015/results,https://ca.milesplit.com/results/?year=2015&month=10&season=outdoor&level=hs&page=3,2015,10,outdoor,hs,3
10/14,Metro League Meet #2,"Sacramento, CA",,,https://ca.milesplit.com/meets/221121-metro-league-meet-2-2015/results,https://ca.milesplit.com/results/?year=2015&month=10&season=outdoor&level=hs&page=3,2015,10,outdoor,hs,3
10/14,Mira Mesa Vs. Patrick Henry,"Riverside, CA",,,https://ca.milesplit.com/meets/221125-mira-mesa-vs-patrick-henry-2015/results,https://ca.milesplit.com/results/?year=2015&month=10&season=outdoor&level=hs&page=3,2015,10,outdoor,hs,3
,https://ca.milesplit.com/results/?year=2015&month=10&season=outdoor&level=hs&page=3,,,,,,,,,,
,https://ca.milesplit.com/results/?year=2015&month=10&season=outdoor&level=hs&page=3,,,,,,,,,,
10/14,Miramonte vs North/ League Dual,"Orinda, CA",,,https://ca.milesplit.com/meets/221413-miramonte-vs-north-league-dual-2015/results,https://ca.milesplit.com/results/?year=2015&month=10&season=outdoor&level=hs&page=3,2015,10,outdoor,hs,3
10/14,NAL Center Meet,"Cottonwood, CA",,,https://ca.milesplit.com/meets/221123-nal-center-meet-2015/results,https://ca.milesplit.com/results/?year=2015&month=10&season=outdoor&level=hs&page=3,2015,10,outdoor,hs,3
10/14,Pioneer League Meet #2,"Torrance, CA",,,https://ca.milesplit.com/meets/221377-pioneer-league-meet-2-2015/results,https://ca.milesplit.com/results/?year=2015&month=10&season=outdoor&level=hs&page=3,2015,10,outdoor,hs,3
10/14,San Fransisco All Comer Meet,"San Francisco, CA",,,https://ca.milesplit.com/meets/221371-san-fransisco-all-comer-meet-2015/results,https://ca.milesplit.com/results/?year=2015&month=10&season=outdoor&level=hs&page=3,2015,10,outdoor,hs,3
10/14,Scripps Ranch at Pt Loma,"Riverside, CA",,,https://ca.milesplit.com/meets/221178-scripps-ranch-at-pt-loma-2015/results,https://ca.milesplit.com/results/?year=2015&month=10&season=outdoor&level=hs&page=3,2015,10,outdoor,hs,3
10/14,SF All Comer Meet #2,"San Francisco, CA",,,https://ca.milesplit.com/meets/221254-sf-all-comer-meet-2-2015/results,https://ca.milesplit.com/results/?year=2015&month=10&season=outdoor&level=hs&page=3,2015,10,outdoor,hs,3
10/14,Southwestern League Cluster #2,"Riverside, CA",,,https://ca.milesplit.com/meets/221154-southwestern-league-cluster-2-2015/results,https://ca.milesplit.com/results/?year=2015&month=10&season=outdoor&level=hs&page=3,2015,10,outdoor,hs,3
10/14,UC vs. Cathedral Catholic,"Riverside, CA",,,https://ca.milesplit.com/meets/221179-uc-vs-cathedral-catholic-2015/results,https://ca.milesplit.com/results/?year=2015&month=10&season=outdoor&level=hs&page=3,2015,10,outdoor,hs,3
10/13,Ambassador League Meet #3,"Riverside, CA",,,https://ca.milesplit.com/meets/221410-ambassador-league-meet-3-2015/results,https://ca.milesplit.com/results/?year=2015&month=10&season=outdoor&level=hs&page=3,2015,10,outdoor,hs,3
10/13,Jim Tracy  Challenge,"San Francisco, CA",,,https://ca.milesplit.com/meets/220962-jim-tracy-cross-country-challenge-2015/results,https://ca.milesplit.com/results/?year=2015&month=10&season=outdoor&level=hs&page=3,2015,10,outdoor,hs,3
10/13,Peninsula Athletic League #2,"Half Moon Bay, CA",,,https://ca.milesplit.com/meets/220983-peninsula-athletic-league-2-2015/results,https://ca.milesplit.com/results/?year=2015&month=10&season=outdoor&level=hs&page=3,2015,10,outdoor,hs,3
10/12,Santa Ana City Championships,"Santa Ana, CA",,,https://ca.milesplit.com/meets/220920-santa-ana-city-championships-2015/results,https://ca.milesplit.com/results/?year=2015&month=10&season=outdoor&level=hs&page=3,2015,10,outdoor,hs,3
10/10,Asics Clovis Invitational,"Fresno, CA",,,https://ca.milesplit.com/meets/212854-asics-clovis-invitational-2015/results,https://ca.milesplit.com/results/?year=2015&month=10&season=outdoor&level=hs&page=3,2015,10,outdoor,hs,3
10/10,Castro Valley Trojan Invitational,"Castro Valley, CA",,,https://ca.milesplit.com/meets/212853-castro-valley-trojan-invitational-2015/results,https://ca.milesplit.com/results/?year=2015&month=10&season=outdoor&level=hs&page=3,2015,10,outdoor,hs,3
10/10,Crystal Springs Invitational,"Belmont, CA",,,https://ca.milesplit.com/meets/212856-crystal-springs-invitational-2015/results,https://ca.milesplit.com/results/?year=2015&month=10&season=outdoor&level=hs&page=3,2015,10,outdoor,hs,3
10/10,Manhattan HS Invitational,"Bronx, NY",,,https://ny.milesplit.com/meets/213923-manhattan-hs-invitational-2015/results,https://ca.milesplit.com/results/?year=2015&month=10&season=outdoor&level=hs&page=3,2015,10,outdoor,hs,3
10/10,Perris Valley XC Showdown,"Riverside, CA",,,https://ca.milesplit.com/meets/220606-perris-valley-xc-showdown-2015/results,https://ca.milesplit.com/results/?year=2015&month=10&season=outdoor&level=hs&page=3,2015,10,outdoor,hs,3
10/10,Running Center So Cal Invitational,"Riverside, CA",,,https://ca.milesplit.com/meets/220610-running-center-so-cal-invitational-2015/results,https://ca.milesplit.com/results/?year=2015&month=10&season=outdoor&level=hs&page=3,2015,10,outdoor,hs,3
10/10,The Other Meet,"Sacramento, CA",,,https://ca.milesplit.com/meets/214027-the-other-meet-2015/results,https://ca.milesplit.com/results/?year=2015&month=10&season=outdoor&level=hs&page=3,2015,10,outdoor,hs,3
10/9,Monte Vista vs Granite HIlls,"Riverside, CA",,,https://ca.milesplit.com/meets/220552-monte-vista-vs-granite-hills-2015/results,https://ca.milesplit.com/results/?year=2015&month=10&season=outdoor&level=hs&page=3,2015,10,outdoor,hs,3
10/9,Mt. Carmel Octoberfest,"San Diego, CA",,,https://ca.milesplit.com/meets/220553-mt-carmel-octoberfest-2015/results,https://ca.milesplit.com/results/?year=2015&month=10&season=outdoor&level=hs&page=3,2015,10,outdoor,hs,3
10/8,Central/City Cluster,"San Diego, CA",,,https://ca.milesplit.com/meets/220561-1st-centralcity-cluster-2015/results,https://ca.milesplit.com/results/?year=2015&month=10&season=outdoor&level=hs&page=3,2015,10,outdoor,hs,3
10/8,All Comer meet,"San Francisco, CA",,,https://ca.milesplit.com/meets/220476-all-comer-meet-2015/results,https://ca.milesplit.com/results/?year=2015&month=10&season=outdoor&level=hs&page=3,2015,10,outdoor,hs,3
10/8,Bravo vs Torres,"Riverside, CA",,,https://ca.milesplit.com/meets/220549-bravo-vs-torres-2015/results,https://ca.milesplit.com/results/?year=2015&month=10&season=outdoor&level=hs&page=3,2015,10,outdoor,hs,3
10/8,Contreras v Bernstein,"Riverside, CA",,,https://ca.milesplit.com/meets/220548-contreras-v-bernstein-2015/results,https://ca.milesplit.com/results/?year=2015&month=10&season=outdoor&level=hs&page=3,2015,10,outdoor,hs,3
10/8,Lake Casitas Twilight Invitational,"Riverside, CA",,,https://ca.milesplit.com/meets/220562-lake-casitas-twilight-invitational-2015/results,https://ca.milesplit.com/results/?year=2015&month=10&season=outdoor&level=hs&page=3,2015,10,outdoor,hs,3
10/7,CCC Center Meet #2,"Riverside, CA",,,https://ca.milesplit.com/meets/220485-ccc-center-meet-2-2015/results,https://ca.milesplit.com/results/?year=2015&month=10&season=outdoor&level=hs&page=3,2015,10,outdoor,hs,3
10/7,Channel Islands League Meet #2,"Riverside, CA",,,https://ca.milesplit.com/meets/221153-channel-islands-league-meet-2-2015/results,https://ca.milesplit.com/results/?year=2015&month=10&season=outdoor&level=hs&page=3,2015,10,outdoor,hs,3
10/7,Delta League Meet #1,"Sacramento, CA",,,https://ca.milesplit.com/meets/220487-delta-league-meet-1-2015/results,https://ca.milesplit.com/results/?year=2015&month=10&season=outdoor&level=hs&page=3,2015,10,outdoor,hs,3
10/7,ESL Mini Meet,"Riverside, CA",,,https://ca.milesplit.com/meets/220544-esl-mini-meet-2015/results,https://ca.milesplit.com/results/?year=2015&month=10&season=outdoor&level=hs&page=3,2015,10,outdoor,hs,3
10/7,MBL - Pacific Center Meet #2,"Gilroy, CA",,,https://ca.milesplit.com/meets/220271-mbl-pacific-center-meet-2-2015/results,https://ca.milesplit.com/results/?year=2015&month=10&season=outdoor&level=hs&page=3,2015,10,outdoor,hs,3
10/7,MBL Gabilan - Center Meet #2,"Hollister, CA",,,https://ca.milesplit.com/meets/220479-mbl-gabilan-center-meet-2-2015/results,https://ca.milesplit.com/results/?year=2015&month=10&season=outdoor&level=hs&page=3,2015,10,outdoor,hs,3
10/7,Miramonte vs South/ League Dual,"Riverside, CA",,,https://ca.milesplit.com/meets/220545-miramonte-vs-south-league-dual-2015/results,https://ca.milesplit.com/results/?year=2015&month=10&season=outdoor&level=hs&page=3,2015,10,outdoor,hs,3
10/7,North vs Foothill/League Dual,"Riverside, CA",,,https://ca.milesplit.com/meets/220546-north-vs-foothillleague-dual-2015/results,https://ca.milesplit.com/results/?year=2015&month=10&season=outdoor&level=hs&page=3,2015,10,outdoor,hs,3
10/7,San Fernando vs Canoga,"Riverside, CA",,,https://ca.milesplit.com/meets/220547-san-fernando-vs-canoga-2015/results,https://ca.milesplit.com/results/?year=2015&month=10&season=outdoor&level=hs&page=3,2015,10,outdoor,hs,3
10/7,SDL Center Meet #2,"Vacaville, CA",,,https://ca.milesplit.com/meets/220489-sdl-center-meet-2-2015/results,https://ca.milesplit.com/results/?year=2015&month=10&season=outdoor&level=hs&page=3,2015,10,outdoor,hs,3
10/7,Sea View League Preview,"Riverside, CA",,,https://ca.milesplit.com/meets/220570-sea-view-league-preview-2015/results,https://ca.milesplit.com/results/?year=2015&month=10&season=outdoor&level=hs&page=3,2015,10,outdoor,hs,3
10/7,Sierra Foothill League Meet #2,"Folsom, CA",,,https://ca.milesplit.com/meets/220272-sierra-foothill-league-meet-2-2015/results,https://ca.milesplit.com/results/?year=2015&month=10&season=outdoor&level=hs&page=3,2015,10,outdoor,hs,3
10/7,Sunbelt League Cluster #2,"Riverside, CA",,,https://ca.milesplit.com/meets/220493-sunbelt-league-cluster-2-2015/results,https://ca.milesplit.com/results/?year=2015&month=10&season=outdoor&level=hs&page=4,2015,10,outdoor,hs,4
10/7,Sunkist League Meet,"Riverside, CA",,,https://ca.milesplit.com/meets/220569-sunkist-league-meet-2015/results,https://ca.milesplit.com/results/?year=2015&month=10&season=outdoor&level=hs&page=4,2015,10,outdoor,hs,4
10/7,SWYL League Meet 2,"Riverside, CA",,,https://ca.milesplit.com/meets/220486-swyl-league-meet-2-2015/results,https://ca.milesplit.com/results/?year=2015&month=10&season=outdoor&level=hs&page=4,2015,10,outdoor,hs,4
10/7,WYL Cluster Meet 1,"Riverside, CA",,,https://ca.milesplit.com/meets/220496-wyl-cluster-meet-1-2015/results,https://ca.milesplit.com/results/?year=2015&month=10&season=outdoor&level=hs&page=4,2015,10,outdoor,hs,4
10/6,Frontier Cluster #1,"Riverside, CA",,,https://ca.milesplit.com/meets/220558-frontier-cluster-1-2015/results,https://ca.milesplit.com/results/?year=2015&month=10&season=outdoor&level=hs&page=4,2015,10,outdoor,hs,4
"10/6
10/8",Maranatha Christian Invitational,"Riverside, CA",,,https://ca.milesplit.com/meets/220559-maranatha-christian-invitational-2015/results,https://ca.milesplit.com/results/?year=2015&month=10&season=outdoor&level=hs&page=4,2015,10,outdoor,hs,4
10/6,Mira Mesa @ Scripps Ranch,"Riverside, CA",,,https://ca.milesplit.com/meets/220556-mira-mesa-scripps-ranch-2015/results,https://ca.milesplit.com/results/?year=2015&month=10&season=outdoor&level=hs&page=4,2015,10,outdoor,hs,4
10/6,Morse v. Point Loma v. Patrick Henry,"San Diego, CA",,,https://ca.milesplit.com/meets/220555-morse-v-point-loma-v-patrick-henry-2015/results,https://ca.milesplit.com/results/?year=2015&month=10&season=outdoor&level=hs&page=4,2015,10,outdoor,hs,4
10/6,South Coast Preview Meet,"Riverside, CA",,,https://ca.milesplit.com/meets/220572-south-coast-preview-meet-2015/results,https://ca.milesplit.com/results/?year=2015&month=10&season=outdoor&level=hs&page=4,2015,10,outdoor,hs,4
10/6,VOL #2,"Tracy, CA",,,https://ca.milesplit.com/meets/220207-vol-2-2015/results,https://ca.milesplit.com/results/?year=2015&month=10&season=outdoor&level=hs&page=4,2015,10,outdoor,hs,4
10/3,Artichoke Invitational,"Half Moon Bay, CA",,,https://ca.milesplit.com/meets/212833-artichoke-invitational-2015/results,https://ca.milesplit.com/results/?year=2015&month=10&season=outdoor&level=hs&page=4,2015,10,outdoor,hs,4
10/3,Brea Invitational,"Brea, CA",,,https://ca.milesplit.com/meets/212834-brea-invitational-2015/results,https://ca.milesplit.com/results/?year=2015&month=10&season=outdoor&level=hs&page=4,2015,10,outdoor,hs,4
,https://ca.milesplit.com/results/?year=2015&month=10&season=outdoor&level=hs&page=4,,,,,,,,,,
,https://ca.milesplit.com/results/?year=2015&month=10&season=outdoor&level=hs&page=4,,,,,,,,,,
10/3,Capital Cross Challenge,"Sacramento, CA",,,https://ca.milesplit.com/meets/220027-capital-cross-challenge-2015/results,https://ca.milesplit.com/results/?year=2015&month=10&season=outdoor&level=hs&page=4,2015,10,outdoor,hs,4
10/3,Central Park Invitational,"Huntington Beach, CA",,,https://ca.milesplit.com/meets/212836-central-park-invitational-2015/results,https://ca.milesplit.com/results/?year=2015&month=10&season=outdoor&level=hs&page=4,2015,10,outdoor,hs,4
10/3,Clam Beach Invitational,"McKinleyville, CA",,,https://ca.milesplit.com/meets/212837-clam-beach-invitational-2015/results,https://ca.milesplit.com/results/?year=2015&month=10&season=outdoor&level=hs&page=4,2015,10,outdoor,hs,4
10/3,Del Oro  Invitational,"Loomis, CA",,,https://ca.milesplit.com/meets/212838-del-oro-4000-invitational-2015/results,https://ca.milesplit.com/results/?year=2015&month=10&season=outdoor&level=hs&page=4,2015,10,outdoor,hs,4
10/3,Madera Invitational,"Madera, CA",,,https://ca.milesplit.com/meets/212845-madera-invitational-2015/results,https://ca.milesplit.com/results/?year=2015&month=10&season=outdoor&level=hs&page=4,2015,10,outdoor,hs,4
10/3,Oakland Section Invitational,"Oakland, CA",,,https://ca.milesplit.com/meets/220017-oakland-section-invitational-2015/results,https://ca.milesplit.com/results/?year=2015&month=10&season=outdoor&level=hs&page=4,2015,10,outdoor,hs,4
10/3,Pacific Grove Invitational,"Pacific Grove, CA",,,https://ca.milesplit.com/meets/212846-pacific-grove-invitational-2015/results,https://ca.milesplit.com/results/?year=2015&month=10&season=outdoor&level=hs&page=4,2015,10,outdoor,hs,4
10/3,Scott Bauhs Invitational,"Pleasanton, CA",,,https://ca.milesplit.com/meets/212849-scott-bauhs-invitational-2015/results,https://ca.milesplit.com/results/?year=2015&month=10&season=outdoor&level=hs&page=4,2015,10,outdoor,hs,4
10/3,State of Jefferson Invitational,"Ashland, OR",,,https://or.milesplit.com/meets/216556-state-of-jefferson-invitational-2015/results,https://ca.milesplit.com/results/?year=2015&month=10&season=outdoor&level=hs&page=4,2015,10,outdoor,hs,4
10/3,Staub Barnes Invitational,"La Crescenta, CA",,,https://ca.milesplit.com/meets/212844-staub-barnes-invitational-2015/results,https://ca.milesplit.com/results/?year=2015&month=10&season=outdoor&level=hs&page=4,2015,10,outdoor,hs,4
10/3,Taft Black Gold Rush,"Riverside, CA",,,https://ca.milesplit.com/meets/219991-taft-black-gold-rush-2015/results,https://ca.milesplit.com/results/?year=2015&month=10&season=outdoor&level=hs&page=4,2015,10,outdoor,hs,4
10/2,Desert Twilight XC Festival,"Casa Grande, AZ",,,https://az.milesplit.com/meets/215472-desert-twilight-xc-festival-2015/results,https://ca.milesplit.com/results/?year=2015&month=10&season=outdoor&level=hs&page=4,2015,10,outdoor,hs,4
10/2,Golden West Invitational,"Riverside, CA",,,https://ca.milesplit.com/meets/219945-golden-west-invitational-2015/results,https://ca.milesplit.com/results/?year=2015&month=10&season=outdoor&level=hs&page=4,2015,10,outdoor,hs,4
10/2,West Valley Coed Invitational,"Cottonwood, CA",,,https://ca.milesplit.com/meets/219947-west-valley-coed-invitational-2015/results,https://ca.milesplit.com/results/?year=2015&month=10&season=outdoor&level=hs&page=4,2015,10,outdoor,hs,4
10/1,Capital Valley Conference Center Meet #1,"Roseville, CA",,,https://ca.milesplit.com/meets/219900-capital-valley-conference-center-meet-1-2015/results,https://ca.milesplit.com/results/?year=2015&month=10&season=outdoor&level=hs&page=4,2015,10,outdoor,hs,4
10/1,Century Conference Preview,"Riverside, CA",,,https://ca.milesplit.com/meets/219899-century-conference-preview-2015/results,https://ca.milesplit.com/results/?year=2015&month=10&season=outdoor&level=hs&page=4,2015,10,outdoor,hs,4
10/1,Coastal League Meet #2,"La Jolla, CA",,,https://ca.milesplit.com/meets/219901-coastal-league-meet-2-2015/results,https://ca.milesplit.com/results/?year=2015&month=10&season=outdoor&level=hs&page=4,2015,10,outdoor,hs,4
10/1,DeAnza League Meet #1,"Riverside, CA",,,https://ca.milesplit.com/meets/219985-deanza-league-meet-1-2015/results,https://ca.milesplit.com/results/?year=2015&month=10&season=outdoor&level=hs&page=4,2015,10,outdoor,hs,4
10/1,Del Rio League Meet #1,"South El Monte, CA",,,https://ca.milesplit.com/meets/219944-del-rio-league-meet-1-2015/results,https://ca.milesplit.com/results/?year=2015&month=10&season=outdoor&level=hs&page=4,2015,10,outdoor,hs,4
10/1,Mountain Pass League Cluster #1,"Riverside, CA",,,https://ca.milesplit.com/meets/219943-mountain-pass-league-cluster-1-2015/results,https://ca.milesplit.com/results/?year=2015&month=10&season=outdoor&level=hs&page=4,2015,10,outdoor,hs,4
10/1,Palomar Cluster 1,"Riverside, CA",,,https://ca.milesplit.com/meets/219916-palomar-cluster-1-2015/results,https://ca.milesplit.com/results/?year=2015&month=10&season=outdoor&level=hs&page=4,2015,10,outdoor,hs,4
10/1,SJAA Tri-Meet,"Stockton, CA",,,https://ca.milesplit.com/meets/219983-sjaa-tri-meet-2015/results,https://ca.milesplit.com/results/?year=2015&month=10&season=outdoor&level=hs&page=4,2015,10,outdoor,hs,4
10/1,WACC Center Meet #2,"Hayward, CA",,,https://ca.milesplit.com/meets/219942-wacc-center-meet-2-2015/results,https://ca.milesplit.com/results/?year=2015&month=10&season=outdoor&level=hs&page=4,2015,10,outdoor,hs,4
11/28,CIF State  Championships,"Fresno, CA",,,https://ca.milesplit.com/meets/212888-cif-state-cross-country-championships-2015/results,https://ca.milesplit.com/results/?year=2015&month=11&season=outdoor&level=hs&page=1,2015,11,outdoor,hs,1
11/21,CIF LA City Section Finals,"Woodland Hills, CA",,,https://ca.milesplit.com/meets/214025-cif-la-city-section-finals-2015/results,https://ca.milesplit.com/results/?year=2015&month=11&season=outdoor&level=hs&page=1,2015,11,outdoor,hs,1
11/21,CIF North Coast Section Championships,"Hayward, CA",,,https://ca.milesplit.com/meets/212885-cif-north-coast-section-championships-2015/results,https://ca.milesplit.com/results/?year=2015&month=11&season=outdoor&level=hs&page=1,2015,11,outdoor,hs,1
11/21,CIF Oakland Section Finals,"Oakland, CA",,,https://ca.milesplit.com/meets/212882-cif-oakland-section-finals-2015/results,https://ca.milesplit.com/results/?year=2015&month=11&season=outdoor&level=hs&page=1,2015,11,outdoor,hs,1
11/21,CIF San Diego Section Finals,"San Diego, CA",,,https://ca.milesplit.com/meets/212886-cif-san-diego-section-finals-2015/results,https://ca.milesplit.com/results/?year=2015&month=11&season=outdoor&level=hs&page=1,2015,11,outdoor,hs,1
11/21,CIF Southern Section Finals,"Walnut, CA",,,https://ca.milesplit.com/meets/212887-cif-southern-section-finals-2015/results,https://ca.milesplit.com/results/?year=2015&month=11&season=outdoor&level=hs&page=1,2015,11,outdoor,hs,1
11/21,Cross Country Coaches National Youth Championships,"Lexington, KY",,,https://ky.milesplit.com/meets/215197-cross-country-coaches-national-youth-championships-2015/results,https://ca.milesplit.com/results/?year=2015&month=11&season=outdoor&level=hs&page=1,2015,11,outdoor,hs,1
11/19,CIF Central Section Final,"Fresno, CA",,,https://ca.milesplit.com/meets/212884-cif-central-section-final-2015/results,https://ca.milesplit.com/results/?year=2015&month=11&season=outdoor&level=hs&page=1,2015,11,outdoor,hs,1
11/18,CIF San Francisco Section Final,"San Francisco, CA",,,https://ca.milesplit.com/meets/212883-cif-san-francisco-section-final-2015/results,https://ca.milesplit.com/results/?year=2015&month=11&season=outdoor&level=hs&page=1,2015,11,outdoor,hs,1
11/14,BACSAC Championship,"Oakland, CA",,,https://ca.milesplit.com/meets/223315-bacsac-championship-2015/results,https://ca.milesplit.com/results/?year=2015&month=11&season=outdoor&level=hs&page=1,2015,11,outdoor,hs,1
11/14,CIF Central Coast Section,"Belmont, CA",,,https://ca.milesplit.com/meets/212878-cif-central-coast-section-2015/results,https://ca.milesplit.com/results/?year=2015&month=11&season=outdoor&level=hs&page=1,2015,11,outdoor,hs,1
11/14,CIF Sac-Joaquin Section Meet Finals,"Folsom, CA",,,https://ca.milesplit.com/meets/212879-cif-sac-joaquin-section-meet-finals-2015/results,https://ca.milesplit.com/results/?year=2015&month=11&season=outdoor&level=hs&page=1,2015,11,outdoor,hs,1
,https://ca.milesplit.com/results/?year=2015&month=11&season=outdoor&level=hs&page=1,,,,,,,,,,
,https://ca.milesplit.com/results/?year=2015&month=11&season=outdoor&level=hs&page=1,,,,,,,,,,
11/14,CIF Southern Section  Prelims,"Riverside, CA",,,https://ca.milesplit.com/meets/212881-cif-southern-section-cross-country-prelims-2015/results,https://ca.milesplit.com/results/?year=2015&month=11&season=outdoor&level=hs&page=1,2015,11,outdoor,hs,1
11/14,NACA Cross-Country Championships,"Dayton , TN",,,https://tn.milesplit.com/meets/188486-naca-cross-country-championships-2015/results,https://ca.milesplit.com/results/?year=2015&month=11&season=outdoor&level=hs&page=1,2015,11,outdoor,hs,1
11/14,Oakland Athletic League,"Riverside, CA",,,https://ca.milesplit.com/meets/223268-oakland-athletic-league-2015/results,https://ca.milesplit.com/results/?year=2015&month=11&season=outdoor&level=hs&page=1,2015,11,outdoor,hs,1
11/12,CIF Northern Section Finals,"Cottonwood, CA",,,https://ca.milesplit.com/meets/212876-cif-northern-section-finals-2015/results,https://ca.milesplit.com/results/?year=2015&month=11&season=outdoor&level=hs&page=1,2015,11,outdoor,hs,1
11/7,Diablo Foothill Athletic League (DFAL) Final,"Martinez, CA",,,https://ca.milesplit.com/meets/223021-diablo-foothill-athletic-league-dfal-final-2015/results,https://ca.milesplit.com/results/?year=2015&month=11&season=outdoor&level=hs&page=1,2015,11,outdoor,hs,1
11/7,HDN Championships,"Riverside, CA",,,https://ca.milesplit.com/meets/223024-hdn-championships-2015/results,https://ca.milesplit.com/results/?year=2015&month=11&season=outdoor&level=hs&page=1,2015,11,outdoor,hs,1
11/7,PAL Championship,"Riverside, CA",,,https://ca.milesplit.com/meets/223029-pal-championship-2015/results,https://ca.milesplit.com/results/?year=2015&month=11&season=outdoor&level=hs&page=1,2015,11,outdoor,hs,1
11/7,SCL Championship,"Riverside, CA",,,https://ca.milesplit.com/meets/223028-scl-championship-2015/results,https://ca.milesplit.com/results/?year=2015&month=11&season=outdoor&level=hs&page=1,2015,11,outdoor,hs,1
11/7,WACC Championship,"Riverside, CA",,,https://ca.milesplit.com/meets/223027-wacc-championship-2015/results,https://ca.milesplit.com/results/?year=2015&month=11&season=outdoor&level=hs&page=1,2015,11,outdoor,hs,1
11/6,Almont League Finals,"South El Monte, CA",,,https://ca.milesplit.com/meets/223035-almont-league-finals-2015/results,https://ca.milesplit.com/results/?year=2015&month=11&season=outdoor&level=hs&page=1,2015,11,outdoor,hs,1
11/6,Haciena League Finals,"Riverside, CA",,,https://ca.milesplit.com/meets/223034-haciena-league-finals-2015/results,https://ca.milesplit.com/results/?year=2015&month=11&season=outdoor&level=hs&page=1,2015,11,outdoor,hs,1
11/6,Mt. Baldy League Finals,"Walnut, CA",,,https://ca.milesplit.com/meets/223032-mt-baldy-league-finals-2015/results,https://ca.milesplit.com/results/?year=2015&month=11&season=outdoor&level=hs&page=1,2015,11,outdoor,hs,1
11/6,Pacific Coast League Finals SS,"Irvine, CA",,,https://ca.milesplit.com/meets/223033-pacific-coast-league-finals-ss-2015/results,https://ca.milesplit.com/results/?year=2015&month=11&season=outdoor&level=hs&page=1,2015,11,outdoor,hs,1
11/6,Trinity League Finals,"Huntington Beach, CA",,,https://ca.milesplit.com/meets/223031-trinity-league-finals-2015/results,https://ca.milesplit.com/results/?year=2015&month=11&season=outdoor&level=hs&page=1,2015,11,outdoor,hs,1
11/5,Bay League Finals,"Redondo Beach, CA",,,https://ca.milesplit.com/meets/222930-bay-league-finals-2015/results,https://ca.milesplit.com/results/?year=2015&month=11&season=outdoor&level=hs&page=1,2015,11,outdoor,hs,1
11/5,BVAL at Crystal Springs,"Riverside, CA",,,https://ca.milesplit.com/meets/222836-bval-at-crystal-springs-2015/results,https://ca.milesplit.com/results/?year=2015&month=11&season=outdoor&level=hs&page=1,2015,11,outdoor,hs,1
11/5,Channel League Meet #3,"Riverside, CA",,,https://ca.milesplit.com/meets/222929-channel-league-meet-3-2015/results,https://ca.milesplit.com/results/?year=2015&month=11&season=outdoor&level=hs&page=1,2015,11,outdoor,hs,1
11/5,Coastal Canyon League Finals,"Riverside, CA",,,https://ca.milesplit.com/meets/222902-coastal-canyon-league-finals-2015/results,https://ca.milesplit.com/results/?year=2015&month=11&season=outdoor&level=hs&page=1,2015,11,outdoor,hs,1
11/5,Del Rio League Finals,"South El Monte, CA",,,https://ca.milesplit.com/meets/222928-del-rio-league-finals-2015/results,https://ca.milesplit.com/results/?year=2015&month=11&season=outdoor&level=hs&page=1,2015,11,outdoor,hs,1
11/5,Foothill League Finals,"Santa Clarita, CA",,,https://ca.milesplit.com/meets/222927-foothill-league-finals-2015/results,https://ca.milesplit.com/results/?year=2015&month=11&season=outdoor&level=hs&page=1,2015,11,outdoor,hs,1
11/5,Marmonte League Finals,"Agoura Hills, CA",,,https://ca.milesplit.com/meets/222926-marmonte-league-finals-2015/results,https://ca.milesplit.com/results/?year=2015&month=11&season=outdoor&level=hs&page=1,2015,11,outdoor,hs,1
11/5,Miramonte League Finals,"Riverside, CA",,,https://ca.milesplit.com/meets/222925-miramonte-league-finals-2015/results,https://ca.milesplit.com/results/?year=2015&month=11&season=outdoor&level=hs&page=1,2015,11,outdoor,hs,1
11/5,Mountain Pass League Finals,"Hemet, CA",,,https://ca.milesplit.com/meets/222892-mountain-pass-league-finals-2015/results,https://ca.milesplit.com/results/?year=2015&month=11&season=outdoor&level=hs&page=1,2015,11,outdoor,hs,1
11/5,NAL Championships,"Anderson, CA",,,https://ca.milesplit.com/meets/223022-nal-championships-2015/results,https://ca.milesplit.com/results/?year=2015&month=11&season=outdoor&level=hs&page=1,2015,11,outdoor,hs,1
11/5,Ocean League Finals,"Baldwin Hills, CA",,,https://ca.milesplit.com/meets/222906-ocean-league-finals-2015/results,https://ca.milesplit.com/results/?year=2015&month=11&season=outdoor&level=hs&page=1,2015,11,outdoor,hs,1
11/5,PAC-8 League Finals,"San Luis Obisbo, CA",,,https://ca.milesplit.com/meets/222910-pac-8-league-finals-2015/results,https://ca.milesplit.com/results/?year=2015&month=11&season=outdoor&level=hs&page=1,2015,11,outdoor,hs,1
11/5,Pacific League Finals,"Arcadia, CA",,,https://ca.milesplit.com/meets/222924-pacific-league-finals-2015/results,https://ca.milesplit.com/results/?year=2015&month=11&season=outdoor&level=hs&page=1,2015,11,outdoor,hs,1
11/5,Pacific View League Finals,"Oxnard, CA",,,https://ca.milesplit.com/meets/222923-pacific-view-league-finals-2015/results,https://ca.milesplit.com/results/?year=2015&month=11&season=outdoor&level=hs&page=1,2015,11,outdoor,hs,1
11/5,Rio Hondo League Finals,"Riverside, CA",,,https://ca.milesplit.com/meets/223036-rio-hondo-league-finals-2015/results,https://ca.milesplit.com/results/?year=2015&month=11&season=outdoor&level=hs&page=1,2015,11,outdoor,hs,1
11/5,Santa Cruz Coast Athletic League,"Riverside, CA",,,https://ca.milesplit.com/meets/222943-santa-cruz-coast-athletic-league-2015/results,https://ca.milesplit.com/results/?year=2015&month=11&season=outdoor&level=hs&page=1,2015,11,outdoor,hs,1
11/5,Sea View League Finals,"Irvine, CA",,,https://ca.milesplit.com/meets/222891-sea-view-league-finals-2015/results,https://ca.milesplit.com/results/?year=2015&month=11&season=outdoor&level=hs&page=1,2015,11,outdoor,hs,1
11/5,Southwestern League Championship,"Hemet, CA",,,https://ca.milesplit.com/meets/222770-southwestern-league-championship-2015/results,https://ca.milesplit.com/results/?year=2015&month=11&season=outdoor&level=hs&page=1,2015,11,outdoor,hs,1
11/5,Suburban League Finals,"Cerritos, CA",,,https://ca.milesplit.com/meets/222922-suburban-league-finals-2015/results,https://ca.milesplit.com/results/?year=2015&month=11&season=outdoor&level=hs&page=1,2015,11,outdoor,hs,1
11/5,TCAL Championships,"Salinas, CA",,,https://ca.milesplit.com/meets/222942-tcal-championships-2015/results,https://ca.milesplit.com/results/?year=2015&month=11&season=outdoor&level=hs&page=1,2015,11,outdoor,hs,1
11/5,Tri Valley League Finals,"Ojai, CA",,,https://ca.milesplit.com/meets/222921-tri-valley-league-finals-2015/results,https://ca.milesplit.com/results/?year=2015&month=11&season=outdoor&level=hs&page=1,2015,11,outdoor,hs,1
11/5,Valle Vista League Finals,"San Dimas, CA",,,https://ca.milesplit.com/meets/222920-valle-vista-league-finals-2015/results,https://ca.milesplit.com/results/?year=2015&month=11&season=outdoor&level=hs&page=1,2015,11,outdoor,hs,1
11/4,Crestview League Finals,"Riverside, CA",,,https://ca.milesplit.com/meets/222897-crestview-league-finals-2015/results,https://ca.milesplit.com/results/?year=2015&month=11&season=outdoor&level=hs&page=1,2015,11,outdoor,hs,1
11/4,Freeway League Finals,"Fullerton, CA",,,https://ca.milesplit.com/meets/222935-freeway-league-finals-2015/results,https://ca.milesplit.com/results/?year=2015&month=11&season=outdoor&level=hs&page=1,2015,11,outdoor,hs,1
11/4,Gold Coast League,"Riverside, CA",,,https://ca.milesplit.com/meets/222934-gold-coast-league-2015/results,https://ca.milesplit.com/results/?year=2015&month=11&season=outdoor&level=hs&page=2,2015,11,outdoor,hs,2
11/4,Golden League Finals,"Lancaster, CA",,,https://ca.milesplit.com/meets/222909-golden-league-finals-2015/results,https://ca.milesplit.com/results/?year=2015&month=11&season=outdoor&level=hs&page=2,2015,11,outdoor,hs,2
11/4,Golden West League Championship,"Huntington Beach, CA",,,https://ca.milesplit.com/meets/222905-golden-west-league-championship-2015/results,https://ca.milesplit.com/results/?year=2015&month=11&season=outdoor&level=hs&page=2,2015,11,outdoor,hs,2
11/4,Inland Valley League Finals,"Riverside, CA",,,https://ca.milesplit.com/meets/222896-inland-valley-league-finals-2015/results,https://ca.milesplit.com/results/?year=2015&month=11&season=outdoor&level=hs&page=2,2015,11,outdoor,hs,2
11/4,Los Padres League Finals,"Lompoc, CA",,,https://ca.milesplit.com/meets/218056-los-padres-league-finals-2015/results,https://ca.milesplit.com/results/?year=2015&month=11&season=outdoor&level=hs&page=2,2015,11,outdoor,hs,2
11/4,Mission Valley League Finals,"Riverside, CA",,,https://ca.milesplit.com/meets/222908-mission-valley-league-finals-2015/results,https://ca.milesplit.com/results/?year=2015&month=11&season=outdoor&level=hs&page=2,2015,11,outdoor,hs,2
11/4,Mission/Sunshine League Finals,"Riverside, CA",,,https://ca.milesplit.com/meets/222903-missionsunshine-league-finals-2015/results,https://ca.milesplit.com/results/?year=2015&month=11&season=outdoor&level=hs&page=2,2015,11,outdoor,hs,2
11/4,Mojave River Finals,"Riverside, CA",,,https://ca.milesplit.com/meets/222932-mojave-river-finals-2015/results,https://ca.milesplit.com/results/?year=2015&month=11&season=outdoor&level=hs&page=2,2015,11,outdoor,hs,2
11/4,Montview League Finals,"Rowland Heights, CA",,,https://ca.milesplit.com/meets/222931-montview-league-finals-2015/results,https://ca.milesplit.com/results/?year=2015&month=11&season=outdoor&level=hs&page=2,2015,11,outdoor,hs,2
11/4,Moore League Finals,"Riverside, CA",,,https://ca.milesplit.com/meets/222907-moore-league-finals-2015/results,https://ca.milesplit.com/results/?year=2015&month=11&season=outdoor&level=hs&page=2,2015,11,outdoor,hs,2
11/4,Mountain Valley League Finals,"Riverside, CA",,,https://ca.milesplit.com/meets/222895-mountain-valley-league-finals-2015/results,https://ca.milesplit.com/results/?year=2015&month=11&season=outdoor&level=hs&page=2,2015,11,outdoor,hs,2
11/4,Orange Coast League Finals,"Irvine, CA",,,https://ca.milesplit.com/meets/212873-orange-coast-league-finals-2015/results,https://ca.milesplit.com/results/?year=2015&month=11&season=outdoor&level=hs&page=2,2015,11,outdoor,hs,2
,https://ca.milesplit.com/results/?year=2015&month=11&season=outdoor&level=hs&page=2,,,,,,,,,,
,https://ca.milesplit.com/results/?year=2015&month=11&season=outdoor&level=hs&page=2,,,,,,,,,,
11/4,Pioneer League Finals,"Riverside, CA",,,https://ca.milesplit.com/meets/222841-pioneer-league-finals-2015/results,https://ca.milesplit.com/results/?year=2015&month=11&season=outdoor&level=hs&page=2,2015,11,outdoor,hs,2
11/4,San Gabriel Valley League Finals,"Cerritos, CA",,,https://ca.milesplit.com/meets/222904-san-gabriel-valley-league-finals-2015/results,https://ca.milesplit.com/results/?year=2015&month=11&season=outdoor&level=hs&page=2,2015,11,outdoor,hs,2
11/4,Small Schools Championships,"Cottonwood, CA",,,https://ca.milesplit.com/meets/222835-small-schools-championships-2015/results,https://ca.milesplit.com/results/?year=2015&month=11&season=outdoor&level=hs&page=2,2015,11,outdoor,hs,2
11/4,Sunbelt League Finals,"Hemet, CA",,,https://ca.milesplit.com/meets/222894-sunbelt-league-finals-2015/results,https://ca.milesplit.com/results/?year=2015&month=11&season=outdoor&level=hs&page=2,2015,11,outdoor,hs,2
11/4,Sunkist League Finals,"Riverside, CA",,,https://ca.milesplit.com/meets/222893-sunkist-league-finals-2015/results,https://ca.milesplit.com/results/?year=2015&month=11&season=outdoor&level=hs&page=2,2015,11,outdoor,hs,2
11/4,WCAL League Meet #3,"Belmont, CA",,,https://ca.milesplit.com/meets/222871-wcal-league-meet-3-2015/results,https://ca.milesplit.com/results/?year=2015&month=11&season=outdoor&level=hs&page=2,2015,11,outdoor,hs,2
11/3,Baseline League Finals,"Rancho Cucamonga, CA",,,https://ca.milesplit.com/meets/222936-baseline-league-finals-2015/results,https://ca.milesplit.com/results/?year=2015&month=11&season=outdoor&level=hs&page=2,2015,11,outdoor,hs,2
11/3,BIG VIII League Finals,"Riverside, CA",,,https://ca.milesplit.com/meets/222837-big-viii-league-finals-2015/results,https://ca.milesplit.com/results/?year=2015&month=11&season=outdoor&level=hs&page=2,2015,11,outdoor,hs,2
11/3,Camino Del Rey Association,"Riverside, CA",,,https://ca.milesplit.com/meets/222898-camino-del-rey-association-2015/results,https://ca.milesplit.com/results/?year=2015&month=11&season=outdoor&level=hs&page=2,2015,11,outdoor,hs,2
11/3,DAL Finals,"Belmont, CA",,,https://ca.milesplit.com/meets/222833-dal-finals-2015/results,https://ca.milesplit.com/results/?year=2015&month=11&season=outdoor&level=hs&page=2,2015,11,outdoor,hs,2
11/3,EC League Finals,"Riverside, CA",,,https://ca.milesplit.com/meets/222816-ec-league-finals-2015/results,https://ca.milesplit.com/results/?year=2015&month=11&season=outdoor&level=hs&page=2,2015,11,outdoor,hs,2
11/3,North Hills League Finals,"Riverside, CA",,,https://ca.milesplit.com/meets/222901-north-hills-league-finals-2015/results,https://ca.milesplit.com/results/?year=2015&month=11&season=outdoor&level=hs&page=2,2015,11,outdoor,hs,2
11/3,Olympic League Finals,"Riverside, CA",,,https://ca.milesplit.com/meets/222900-olympic-league-finals-2015/results,https://ca.milesplit.com/results/?year=2015&month=11&season=outdoor&level=hs&page=2,2015,11,outdoor,hs,2
11/3,SCVAL-EC Finals,"Riverside, CA",,,https://ca.milesplit.com/meets/222815-scval-ec-finals-2015/results,https://ca.milesplit.com/results/?year=2015&month=11&season=outdoor&level=hs&page=2,2015,11,outdoor,hs,2
11/3,South Coast League Finals,"Irvine, CA",,,https://ca.milesplit.com/meets/222899-south-coast-league-finals-2015/results,https://ca.milesplit.com/results/?year=2015&month=11&season=outdoor&level=hs&page=2,2015,11,outdoor,hs,2
12/12,USATF National Junior Olympics  Championships,"Albuquerque, NM",,,https://www.milesplit.com/meets/213058-usatf-national-junior-olympics-xc-championships-2015/results,https://ca.milesplit.com/results/?year=2015&month=12&season=outdoor&level=hs&page=1,2015,12,outdoor,hs,1
"12/11
12/12",Foot Locker Nationals,"San Diego, CA",,,https://www.milesplit.com/meets/213837-foot-locker-nationals-2015/results,https://ca.milesplit.com/results/?year=2015&month=12&season=outdoor&level=hs&page=1,2015,12,outdoor,hs,1
12/5,AAU National Championships,"Oakville, AL",,,https://www.milesplit.com/meets/224589-aau-national-championships-2015/results,https://ca.milesplit.com/results/?year=2015&month=12&season=outdoor&level=hs&page=1,2015,12,outdoor,hs,1
12/5,Foot Locker West Regional,"Walnut, CA",,,https://www.milesplit.com/meets/213842-foot-locker-west-regional-2015/results,https://ca.milesplit.com/results/?year=2015&month=12&season=outdoor&level=hs&page=1,2015,12,outdoor,hs,1
12/5,Nike Cross Nationals,"Portland, OR",,,https://www.milesplit.com/meets/213838-nike-cross-nationals-2015/results,https://ca.milesplit.com/results/?year=2015&month=12&season=outdoor&level=hs&page=1,2015,12,outdoor,hs,1
12/5,San Diego State Red-Black All-Comers Meet,"San Diego, CA",,,https://ca.milesplit.com/meets/224595-san-diego-state-red-black-all-comers-meet-2016/results,https://ca.milesplit.com/results/?year=2015&month=12&season=outdoor&level=hs&page=1,2015,12,outdoor,hs,1
